station_id,station_name,brand,address,lat,lng,status,status_label,usual_fuel_types,usual_petrol_types,available_now,unavailable_now,usual_fuel_count,basis_fuel_count,unavailable_count,unavailable_ratio_pct,max_current_streak_days,completely_out_of_all_usual
2204,Ampol Foodary Concord,Ampol Foodary,"87-89 Parramatta Rd, CONCORD NSW 2137",-33.867895,151.099444,red,Critical outage,"E10,P95,P98,PDL,U91","E10,P95,P98,U91",U91,"E10,P95,P98",5,4,3,75.0,4,false
18249,Ampol Foodary Crows Nest,Ampol Foodary,"111-121 Falcon Street, CROWS NEST NSW 2065",-33.8286801,151.2060304,red,Critical outage,"E10,P95,P98,PDL,U91","E10,P95,P98,U91",U91,"E10,P95,P98",5,4,3,75.0,4,false
782,Ampol Foodary Northmead,Ampol Foodary,"98-100 Windsor Rd Cnr Lombard Rd, Northmead NSW 2152",-33.788196,150.994927,orange,Most fuels out,"E10,P95,P98,PDL,U91","E10,P95,P98,U91",U91,"E10,P95,P98",5,4,3,75.0,2,false
2436,Ampol Foodary Waitara,Ampol Foodary,"59-61 Pacific Highway, WAITARA NSW 2077",-33.710531,151.102447,yellow,Partial outage,"P95,P98,PDL,U91","P95,P98,U91",U91,"P95,P98",4,3,2,66.7,4,false
2362,Ampol Foodary Carlingford,Ampol Foodary,"131 Pennant Hills Rd, CARLINGFORD NSW 2118",-33.787648,151.027913,yellow,Partial outage,"E10,P95,P98,PDL,U91","E10,P95,P98,U91","E10,U91","P95,P98",5,4,2,50.0,2,false
17294,Ampol Foodary Woollahra,Ampol Foodary,"116-118 Old South Head Rd, WOOLLAHRA NSW 2025",-33.8896117,151.2553819,yellow,Partial outage,"E10,P95,P98,PDL,U91","E10,P95,P98,U91","E10,U91","P95,P98",5,4,2,50.0,2,false
359,BP Seven Hills,BP,"Abbott Road, Seven Hills NSW 2147",-33.767172,150.95023,yellow,Partial outage,"P98,PDL,U91","P98,U91",P98,U91,3,2,1,50.0,2,false
300,BP Mosman (0926),BP,"Cnr Avenue & Cowles Roads, Mosman NSW 2088",-33.832039,151.237292,yellow,Partial outage,"E10,P95,P98,PDL","E10,P95,P98","E10,P95",P98,4,3,1,33.3,3,false
833,Ampol Foodary Pendle Hill,Ampol Foodary,"602-606 Great Western Hwy, Pendle Hill NSW 2145",-33.808324,150.942036,yellow,Partial outage,"P95,P98,PDL,U91","P95,P98,U91","P98,U91",P95,4,3,1,33.3,2,false
348,BP Camperdown,BP,"Cnr Parramatta & Missenden Roads, Camperdown NSW 2050",-33.886251,151.179144,yellow,Partial outage,"P95,P98,PDL,U91","P95,P98,U91","P95,P98",U91,4,3,1,33.3,2,false
1768,BP Putney,BP,"236 Morrison Road, Putney NSW 2112",-33.823874,151.108405,yellow,Partial outage,"DL,P95,P98,U91","P95,P98,U91","P98,U91",P95,4,3,1,33.3,2,false
18286,Metro Petroleum Epping,Metro Fuel,"30 BRIDGE ST, EPPING NSW 2121",-33.7748061,151.0797363,yellow,Partial outage,"P95,P98,PDL,U91","P95,P98,U91","P95,P98",U91,4,3,1,33.3,1,false
17310,Ampol Foodary St Ives North,Ampol Foodary,"363 Mona Vale Road, ST IVES NORTH NSW 2075",-33.716381,151.173316,yellow,Partial outage,"E10,P95,P98,PDL,U91","E10,P95,P98,U91","E10,P98,U91",P95,5,4,1,25.0,6,false
2242,Metro Petroleum Chester Hill,Metro Fuel,"172 Hector St, CHESTER HILL NSW 2162",-33.8889,151.005411,yellow,Partial outage,"E10,P95,P98,PDL,U91","E10,P95,P98,U91","E10,P98,U91",P95,5,4,1,25.0,5,false
18468,Speedway Court Road,Speedway,"32 COURT RD, FAIRFIELD NSW 2165",-33.8701219,150.9581328,yellow,Partial outage,"DL,E10,E85,P98,PDL,U91","E10,E85,P98,U91","E10,P98,U91",E85,6,4,1,25.0,5,false
2608,Ampol Foodary Thornleigh,Ampol Foodary,"200-202 Pennant Hills Road, THORNLEIGH NSW 2120",-33.7266,151.08363,yellow,Partial outage,"E10,P95,P98,PDL,U91","E10,P95,P98,U91","E10,P95,U91",P98,5,4,1,25.0,2,false
74,7-Eleven Artarmon,7-Eleven,"477 Pacific Highway, Artarmon NSW 2064",-33.810521,151.177429,green,All usual fuels available,"E10,LPG,P95,P98,PDL,U91","E10,P95,P98,U91","E10,P95,P98,U91",,6,4,0,0.0,0,false
190,7-Eleven Ashfield,7-Eleven,"132 LIVERPOOL RD, ASHFIELD NSW 2131",-33.8905782,151.1295516,green,All usual fuels available,"E10,LPG,P98,PDL","E10,P98","E10,P98",,4,2,0,0.0,0,false
17139,7-Eleven Baulkham Hills,7-Eleven,"217-219 Seven Hills Rd, BAULKHAM HILLS NSW 2153",-33.7555124,150.963514,green,All usual fuels available,"E10,LPG,P95,P98,PDL,U91","E10,P95,P98,U91","E10,P95,P98,U91",,6,4,0,0.0,0,false
208,7-Eleven Burwood,7-Eleven,"Cnr Parramatta & Shaftsbury Rds, Burwood NSW 2134",-33.869406,151.108603,green,All usual fuels available,"E10,LPG,P95,P98,PDL,U91","E10,P95,P98,U91","E10,P95,P98,U91",,6,4,0,0.0,0,false
17119,7-Eleven Camperdown,7-Eleven,"198 Parramatta Rd, CAMPERDOWN NSW 2050",-33.886973,151.174134,green,All usual fuels available,"E10,P95,P98,PDL,U91","E10,P95,P98,U91","E10,P95,P98,U91",,5,4,0,0.0,0,false
167,7-Eleven Carlingford,7-Eleven,"243 Pennant Hills Road, Carlingford NSW 2118",-33.782875,151.045752,green,All usual fuels available,"E10,LPG,P95,P98,PDL,U91","E10,P95,P98,U91","E10,P95,P98,U91",,6,4,0,0.0,0,false
146,7-Eleven Croydon Park,7-Eleven,"45 Georges River Road, Croydon Park NSW 2133",-33.894381,151.111446,green,All usual fuels available,"E10,P95,P98,PDL,U91","E10,P95,P98,U91","E10,P95,P98,U91",,5,4,0,0.0,0,false
215,7-Eleven Croydon Park,7-Eleven,"342 Georges River Road & Burwood Road, Croydon Park NSW 2133",-33.897617,151.099796,green,All usual fuels available,"E10,P95,P98,PDL,U91","E10,P95,P98,U91","E10,P95,P98,U91",,5,4,0,0.0,0,false
145,7-Eleven Drummoyne,7-Eleven,"271A Victoria Road, Drummoyne NSW 2047",-33.84723,151.151612,green,All usual fuels available,"E10,P98,PDL,U91","E10,P98,U91","E10,P98,U91",,4,3,0,0.0,0,false
17317,7-Eleven Enmore,7-Eleven,"22 Stanmore Street, Enmore NSW 2042",-33.898417,151.169933,green,All usual fuels available,"E10,P98,U91","E10,P98,U91","E10,P98,U91",,3,3,0,0.0,0,false
227,7-Eleven Epping,7-Eleven,"246 Beecroft & Carlingford Roads, Epping NSW 2121",-33.770913,151.081199,green,All usual fuels available,"E10,P98,PDL,U91","E10,P98,U91","E10,P98,U91",,4,3,0,0.0,0,false
76,7-Eleven Fairfield,7-Eleven,"320 Polding St, FAIRFIELD WEST NSW 2165",-33.8594672,150.922616,green,All usual fuels available,"E10,P95,P98,U91","E10,P95,P98,U91","E10,P95,P98,U91",,4,4,0,0.0,0,false
135,7-Eleven Fairfield West,7-Eleven,"234 Hamilton Road, Fairfield West NSW 2165",-33.872141,150.937268,green,All usual fuels available,"E10,P98,PDL,U91","E10,P98,U91","E10,P98,U91",,4,3,0,0.0,0,false
17146,7-Eleven Five Dock,7-Eleven,"231-235 Great North Road, Five Dock NSW 2046",-33.86491,151.130081,green,All usual fuels available,"E10,P95,P98,PDL,U91","E10,P95,P98,U91","E10,P95,P98,U91",,5,4,0,0.0,0,false
230,7-Eleven Granville,7-Eleven,"154-160 Parramatta Road & Corner Bold Street, Granville NSW 2142",-33.8301284,151.01003,green,All usual fuels available,"E10,P98,PDL,U91","E10,P98,U91","E10,P98,U91",,4,3,0,0.0,0,false
231,7-Eleven Granville East,7-Eleven,"Lot 3-4 Parramatta Road & Harbord Street, Granville East NSW 2142",-33.835001,151.021825,green,All usual fuels available,"E10,LPG,P95,P98,PDL,U91","E10,P95,P98,U91","E10,P95,P98,U91",,6,4,0,0.0,0,false
17134,7-Eleven Greenacre,7-Eleven,"301 Hume Hwy, GREENACRE NSW 2190",-33.9052467,151.0418668,green,All usual fuels available,"E10,LPG,P95,P98,PDL,U91","E10,P95,P98,U91","E10,P95,P98,U91",,6,4,0,0.0,0,false
18201,7-Eleven Greystanes,7-Eleven,"601-605 Great Western Highway, GREYSTANES NSW 2145",-33.808609,150.9359412,green,All usual fuels available,"E10,P95,P98,PDL,U91","E10,P95,P98,U91","E10,P95,P98,U91",,5,4,0,0.0,0,false
306,7-Eleven Guildford,7-Eleven,"272-278 Woodville Road, Guildford NSW 2161",-33.848168,150.996937,green,All usual fuels available,"E10,P95,P98,PDL,U91","E10,P95,P98,U91","E10,P95,P98,U91",,5,4,0,0.0,0,false
130,7-Eleven Guildford West,7-Eleven,"534 Guildford Road West (Corner Fowler Road), Guildford West NSW 2161",-33.851431,150.972137,green,All usual fuels available,"E10,P95,P98,PDL,U91","E10,P95,P98,U91","E10,P95,P98,U91",,5,4,0,0.0,0,false
221,7-Eleven Haberfield,7-Eleven,"25 Parramatta Road, Haberfield NSW 2045",-33.887908,151.142813,green,All usual fuels available,"E10,LPG,P95,P98,PDL,U91","E10,P95,P98,U91","E10,P95,P98,U91",,6,4,0,0.0,0,false
240,7-Eleven Killara,7-Eleven,"494 Pacific Hwy, Killara NSW 2071",-33.771365,151.16108,green,All usual fuels available,"E10,P95,P98,PDL,U91","E10,P95,P98,U91","E10,P95,P98,U91",,5,4,0,0.0,0,false
249,7-Eleven Lansvale South,7-Eleven,"44 Hume Highway & Knight Street, Lansvale South NSW 2166",-33.891605,150.964966,green,All usual fuels available,"E10,P95,P98,PDL,U91","E10,P95,P98,U91","E10,P95,P98,U91",,5,4,0,0.0,0,false
250,7-Eleven Lindfield,7-Eleven,"238 Pacific Highway, Lindfield NSW 2070",-33.778889,151.168902,green,All usual fuels available,"E10,P98,PDL,U91","E10,P98,U91","E10,P98,U91",,4,3,0,0.0,0,false
133,7-Eleven Merrylands,7-Eleven,"295-297 Merrylands Road (Corner Windsor Street), Merrylands NSW 2160",-33.835467,150.985311,green,All usual fuels available,"E10,P98,PDL,U91","E10,P98,U91","E10,P98,U91",,4,3,0,0.0,0,false
141,7-Eleven Mosman,7-Eleven,"162A Spit Road (Corner Mitchell Road), Mosman NSW 2088",-33.817498,151.243383,green,All usual fuels available,"E10,U91","E10,U91","E10,U91",,2,2,0,0.0,0,false
154,7-Eleven Mosman,7-Eleven,"45 Spit Road, Mosman NSW 2088",-33.823058,151.243459,green,All usual fuels available,"E10,P95,P98,PDL,U91","E10,P95,P98,U91","E10,P95,P98,U91",,5,4,0,0.0,0,false
137,7-Eleven North Rocks,7-Eleven,"340 North Rocks Road, North Rocks NSW 2151",-33.768977,151.03069,green,All usual fuels available,"E10,P95,P98,PDL,U91","E10,P95,P98,U91","E10,P95,P98,U91",,5,4,0,0.0,0,false
260,7-Eleven North Ryde,7-Eleven,"400 Lane Cove Road, North Ryde NSW 2113",-33.784477,151.128964,green,All usual fuels available,"E10,P98,PDL,U91","E10,P98,U91","E10,P98,U91",,4,3,0,0.0,0,false
264,7-Eleven Northmead,7-Eleven,"56 Windsor Road & Northmead Avenue, Northmead NSW 2152",-33.790961,150.997173,green,All usual fuels available,"E10,P95,P98,PDL,U91","E10,P95,P98,U91","E10,P95,P98,U91",,5,4,0,0.0,0,false
311,7-Eleven Northmead,7-Eleven,"137 Windsor Road, Northmead NSW 2152",-33.782288,150.997137,green,All usual fuels available,"E10,P95,P98,PDL,U91","E10,P95,P98,U91","E10,P95,P98,U91",,5,4,0,0.0,0,false
17121,7-Eleven Paddington,7-Eleven,"Cnr Oxford St & Greens Rd, PADDINGTON NSW 2021",-33.883242,151.220641,green,All usual fuels available,"E10,LPG,P95,P98,PDL,U91","E10,P95,P98,U91","E10,P95,P98,U91",,6,4,0,0.0,0,false
266,7-Eleven Parramatta,7-Eleven,"81 Victoria Road & Macarthur Street, Parramatta NSW 2150",-33.808768,151.014716,green,All usual fuels available,"E10,P98,PDL,U91","E10,P98,U91","E10,P98,U91",,4,3,0,0.0,0,false
128,7-Eleven Pendle Hill,7-Eleven,"217 Wentworth Avenue (Corner Bungaree Road), Pendle Hill NSW 2145",-33.80187,150.957827,green,All usual fuels available,"E10,P95,P98,PDL,U91","E10,P95,P98,U91","E10,P95,P98,U91",,5,4,0,0.0,0,false
278,7-Eleven Roseville,7-Eleven,"Corner Pacific Highway and Boundary Street, Roseville NSW 2069",-33.78742,151.17982,green,All usual fuels available,"E10,LPG,P98,PDL,U91","E10,P98,U91","E10,P98,U91",,5,3,0,0.0,0,false
283,7-Eleven Rozelle,7-Eleven,"178-184 Victoria Road (Corner Moodie Street), Rozelle NSW 2039",-33.862904,151.168131,green,All usual fuels available,"E10,P95,P98,PDL,U91","E10,P95,P98,U91","E10,P95,P98,U91",,5,4,0,0.0,0,false
262,7-Eleven Ryde,7-Eleven,"326-328 Blaxland Road, Ryde NSW 2112",-33.802513,151.100336,green,All usual fuels available,"E10,LPG,P98,PDL,U91","E10,P98,U91","E10,P98,U91",,5,3,0,0.0,0,false
17142,7-Eleven Seven Hills,7-Eleven,"151 Prospect Hwy, SEVEN HILLS NSW 2147",-33.7689361,150.9426804,green,All usual fuels available,"E10,LPG,P95,P98,PDL,U91","E10,P95,P98,U91","E10,P95,P98,U91",,6,4,0,0.0,0,false
288,7-Eleven St Ives,7-Eleven,"157-159 Mona Vale Rd, ST IVES NSW 2075",-33.732665,151.156286,green,All usual fuels available,"E10,LPG,P95,P98,PDL,U91","E10,P95,P98,U91","E10,P95,P98,U91",,6,4,0,0.0,0,false
292,7-Eleven Strathfield South,7-Eleven,"575-585 Liverpool Road, Strathfield South NSW 2136",-33.887371,151.074269,green,All usual fuels available,"E10,P95,P98,PDL,U91","E10,P95,P98,U91","E10,P95,P98,U91",,5,4,0,0.0,0,false
295,7-Eleven Turramurra,7-Eleven,"1408 Pacific Highway (Corner Duff Street), Turramurra NSW 2074",-33.733062,151.126513,green,All usual fuels available,"E10,LPG,P95,P98,PDL,U91","E10,P95,P98,U91","E10,P95,P98,U91",,6,4,0,0.0,0,false
296,7-Eleven Wahroonga,7-Eleven,"1579 Pacific Highway (Corner Redleaf Avenue), Wahroonga NSW 2076",-33.719857,151.116805,green,All usual fuels available,"E10,P95,P98,PDL,U91","E10,P95,P98,U91","E10,P95,P98,U91",,5,4,0,0.0,0,false
211,7-Eleven West Pennant Hills,7-Eleven,"552 Pennant Hills Road, West Pennant Hills NSW 2125",-33.74687,151.050803,green,All usual fuels available,"E10,LPG,P98,PDL,U91","E10,P98,U91","E10,P98,U91",,5,3,0,0.0,0,false
284,7-Eleven West Ryde,7-Eleven,"919 Victoria Road (Corner Hermitage Road), West Ryde NSW 2114",-33.80925,151.09346,green,All usual fuels available,"E10,P95,P98,PDL,U91","E10,P95,P98,U91","E10,P95,P98,U91",,5,4,0,0.0,0,false
17143,7-Eleven Yagoona,7-Eleven,"519 Hume Hwy, YAGOONA NSW 2199",-33.9076093,151.0207726,green,All usual fuels available,"E10,LPG,P98,PDL,U91","E10,P98,U91","E10,P98,U91",,5,3,0,0.0,0,false
1086,APEX PETROLEUM (WEST RYDE),Independent,"898-902 Victoria Rd, West Ryde NSW 2114",-33.81186,151.094724,green,All usual fuels available,"E10,P95,P98,PDL,U91","E10,P95,P98,U91","E10,P95,P98,U91",,5,4,0,0.0,0,false
975,APEX PETROLEUM VILLAWOOD,Independent,"896A Woodville Rd, Villawood NSW 2163",-33.883891,150.976027,green,All usual fuels available,"E10,P95,P98,PDL,U91","E10,P95,P98,U91","E10,P95,P98,U91",,5,4,0,0.0,0,false
1582,APW,APW,"449 Great Western Highway, WENTWORTHVILLE NSW 2145",-33.813328,150.95825,green,All usual fuels available,"P95,P98,PDL,U91","P95,P98,U91","P95,P98,U91",,4,3,0,0.0,0,false
20831,ASTRON YAGOONA WEST,ASTRON,"100 ROOKWOOD RD, YAGOONA NSW 2199",-33.89929301,151.03686165,green,All usual fuels available,"DL,E10,E85,LPG,P98,U91","E10,E85,P98,U91","E10,E85,P98,U91",,6,4,0,0.0,0,false
1109,Ampol Auburn,Ampol,"179 Parramatta Road, Auburn NSW 2144",-33.84108,151.035998,green,All usual fuels available,"DL,E10,LPG,P95,P98,PDL,U91","E10,P95,P98,U91","E10,P95,P98,U91",,7,4,0,0.0,0,false
16909,Ampol Foodary Alexandria,Ampol Foodary,"133 Wyndham Street, ALEXANDRIA NSW 2015",-33.902032,151.200054,green,All usual fuels available,"E10,P95,P98,PDL,U91","E10,P95,P98,U91","E10,P95,P98,U91",,5,4,0,0.0,0,false
942,Ampol Foodary Chatswood,Ampol Foodary,"572 Pacific Hwy, Chatswood NSW 2067",-33.803715,151.179001,green,All usual fuels available,"E10,P95,P98,PDL,U91","E10,P95,P98,U91","E10,P95,P98,U91",,5,4,0,0.0,0,false
17362,Ampol Foodary Croydon,Ampol Foodary,"404-410 Liverpool Rd, CROYDON NSW 2132",-33.8884725,151.1157289,green,All usual fuels available,"E10,P95,P98,PDL,U91","E10,P95,P98,U91","E10,P95,P98,U91",,5,4,0,0.0,0,false
2338,Ampol Foodary Ermington,Ampol Foodary,"560-562 Victoria Road, ERMINGTON NSW 2115",-33.81396,151.054799,green,All usual fuels available,"P95,P98,PDL,U91","P95,P98,U91","P95,P98,U91",,4,3,0,0.0,0,false
17581,Ampol Foodary Five Dock,Ampol Foodary,"Ramsay Rd & Fairlight Street, FIVE DOCK NSW 2046",-33.870023,151.130434,green,All usual fuels available,"E10,PDL,U91","E10,U91","E10,U91",,3,2,0,0.0,0,false
2374,Ampol Foodary Granville,Ampol Foodary,"144 Parramatta Rd, GRANVILLE NSW 2142",-33.830266,151.010762,green,All usual fuels available,"E10,P95,P98,PDL,U91","E10,P95,P98,U91","E10,P95,P98,U91",,5,4,0,0.0,0,false
18447,Ampol Foodary Greenacre,Ampol Foodary,"87-91 ROBERTS RD, GREENACRE NSW 2190",-33.9046146,151.0648619,green,All usual fuels available,"DL,P98,PDL,U91","P98,U91","P98,U91",,4,2,0,0.0,0,false
17236,Ampol Foodary Guildford,Ampol Foodary,"636-644 Woodville Rd, OLD GUILDFORD NSW 2161",-33.8665036,150.9881451,green,All usual fuels available,"P95,P98,PDL,U91","P95,P98,U91","P95,P98,U91",,4,3,0,0.0,0,false
17269,Ampol Foodary Homebush,Ampol Foodary,"334-336 Parramatta Rd, HOMEBUSH WEST NSW 2140",-33.8581667,151.0681389,green,All usual fuels available,"E10,P98,PDL,U91","E10,P98,U91","E10,P98,U91",,4,3,0,0.0,0,false
18264,Ampol Foodary Lane Cove West,Ampol Foodary,"UNIT 1 237-245 BURNS BAY RD, LANE COVE WEST NSW 2066",-33.816452,151.1513941,green,All usual fuels available,"E10,P95,P98,PDL,U91","E10,P95,P98,U91","E10,P95,P98,U91",,5,4,0,0.0,0,false
16915,Ampol Foodary Lansvale,Ampol Foodary,"141-151 Hume Highway Cnr Chadderton St, LANSVALE NSW 2166",-33.894328,150.957208,green,All usual fuels available,"P95,P98,PDL,U91","P95,P98,U91","P95,P98,U91",,4,3,0,0.0,0,false
16908,Ampol Foodary Merrylands,Ampol Foodary,"150 Woodville Rd, MERRYLANDS NSW 2160",-33.838025,150.99969,green,All usual fuels available,"E10,P95,P98,PDL,U91","E10,P95,P98,U91","E10,P95,P98,U91",,5,4,0,0.0,0,false
787,Ampol Foodary Neutral Bay,Ampol Foodary,"16-38 Military Rd, Neutral Bay NSW 2089",-33.8290796,151.2162998,green,All usual fuels available,"E10,P95,P98,PDL,U91","E10,P95,P98,U91","E10,P95,P98,U91",,5,4,0,0.0,0,false
834,Ampol Foodary North Ryde,Ampol Foodary,"41-43 Epping Rd Cnr Wicks Rd, North Ryde NSW 2113",-33.79145,151.131185,green,All usual fuels available,"E10,P95,P98,PDL,U91","E10,P95,P98,U91","E10,P95,P98,U91",,5,4,0,0.0,0,false
17165,Ampol Foodary Rydalmere,Ampol Foodary,"309 Victoria Rd, RYDALMERE NSW 2116",-33.8119597,151.0371167,green,All usual fuels available,"P95,P98,PDL,U91","P95,P98,U91","P95,P98,U91",,4,3,0,0.0,0,false
17329,Ampol Foodary Seven Hills,Ampol Foodary,"38 Abbott Rd, SEVEN HILLS NSW 2147",-33.7669285,150.9548252,green,All usual fuels available,"E10,P95,P98,PDL","E10,P95,P98","E10,P95,P98",,4,3,0,0.0,0,false
710,Ampol Foodary Seven Hills,Ampol Foodary,"105 Station Rd Cnr Powers St, Seven Hills NSW 2147",-33.773892,150.944345,green,All usual fuels available,"DL,P95,P98,PDL,U91","P95,P98,U91","P95,P98,U91",,5,3,0,0.0,0,false
18253,Ampol Foodary St Ives,Ampol Foodary,"164 Mona Vale Road, ST IVES NSW 2075",-33.7307318,151.157048,green,All usual fuels available,"E10,P95,P98,PDL,U91","E10,P95,P98,U91","E10,P95,P98,U91",,5,4,0,0.0,0,false
2305,Ampol Foodary Strathfield South,Ampol Foodary,"600 Liverpool Rd, STRATHFIELD SOUTH NSW 2136",-33.888188,151.074621,green,All usual fuels available,"E10,P95,P98,PDL,U91","E10,P95,P98,U91","E10,P95,P98,U91",,5,4,0,0.0,0,false
1306,Ampol Hornsby Heights,Ampol,"110 Galston Rd., Hornsby Heights NSW 2077",-33.676494,151.098403,green,All usual fuels available,"P95,P98,PDL,U91","P95,P98,U91","P95,P98,U91",,4,3,0,0.0,0,false
20207,Astron Yagoona,ASTRON,"45 ROOKWOOD RD, YAGOONA NSW 2199",-33.90187688,151.03717836,green,All usual fuels available,"DL,E10,E85,LPG,P95,P98,U91","E10,E85,P95,P98,U91","E10,E85,P95,P98,U91",,7,5,0,0.0,0,false
18009,BOBBIN HEAD PETROL STATION,Independent,"313 Bobbin Head Road, NORTH TURRAMURRA NSW 2074",-33.7088474,151.1482707,green,All usual fuels available,"DL,E10,P98,U91","E10,P98,U91","E10,P98,U91",,4,3,0,0.0,0,false
344,BP Artarmon,BP,"422 Pacific Hwy, Artarmon NSW 2064",-33.811441,151.175636,green,All usual fuels available,"E10,P95,P98,PDL","E10,P95,P98","E10,P95,P98",,4,3,0,0.0,0,false
345,BP Ashfield,BP,"580-586 Parramatta Road, Croydon NSW 2132",-33.87388,151.12688,green,All usual fuels available,"E10,P95,P98,PDL","E10,P95,P98","E10,P95,P98",,4,3,0,0.0,0,false
322,BP Asquith,BP,"Cnr Pacific Highway & Jersey Street, Asquith NSW 2077",-33.689447,151.106412,green,All usual fuels available,"E10,P95,P98,PDL","E10,P95,P98","E10,P95,P98",,4,3,0,0.0,0,false
1783,BP Baulkham Hills,BP,"134 Seven Hills Rd, Baulkham Hills NSW 2153",-33.761658,150.974041,green,All usual fuels available,"E10,P98,PDL,U91","E10,P98,U91","E10,P98,U91",,4,3,0,0.0,0,false
18099,BP CONCORD,BP,"20 Burwood Road, CONCORD NSW 2137",-33.8675406,151.1053024,green,All usual fuels available,"E10,P95,P98,PDL,U91","E10,P95,P98,U91","E10,P95,P98,U91",,5,4,0,0.0,0,false
326,BP Canterbury,BP,"322 Canterbury Road, Canterbury NSW 2193",-33.914974,151.113038,green,All usual fuels available,"E10,P95,P98,PDL","E10,P95,P98","E10,P95,P98",,4,3,0,0.0,0,false
281,BP Carlingford,BP,"712 Pennant Hills Road, Carlingford NSW 2118",-33.763701,151.047355,green,All usual fuels available,"E10,P95,P98,PDL","E10,P95,P98","E10,P95,P98",,4,3,0,0.0,0,false
1198,BP Denistone East,BP,"295 Quarry Rd, Denistone East NSW 2112",-33.795773,151.102887,green,All usual fuels available,"E10,P95,P98,PDL,U91","E10,P95,P98,U91","E10,P95,P98,U91",,5,4,0,0.0,0,false
1793,BP Dundas,BP,"256 Kissing Point Rd, DUNDAS NSW 2117",-33.798888,151.054368,green,All usual fuels available,"E10,P95,P98,PDL","E10,P95,P98","E10,P95,P98",,4,3,0,0.0,0,false
1706,BP Edgecliff,BP,"67 New South Head Rd, EDGECLIFF NSW 2027",-33.876974,151.231099,green,All usual fuels available,"E10,P98,PDL,U91","E10,P98,U91","E10,P98,U91",,4,3,0,0.0,0,false
1206,BP Enfield,BP,"184 Liverpool Road, Enfield NSW 2136",-33.887232,151.097782,green,All usual fuels available,"E10,P98,PDL","E10,P98","E10,P98",,3,2,0,0.0,0,false
17975,BP FOX HILLS,BP,"152 Toongabbie Rd, GIRRAWEEN NSW 2145",-33.7956395,150.9390745,green,All usual fuels available,"P98,PDL,U91","P98,U91","P98,U91",,3,2,0,0.0,0,false
17345,BP Fairfield,BP,"183 The Horsley Drive, FAIRFIELD EAST NSW 2165",-33.87784,150.966162,green,All usual fuels available,"DL,P95,P98,PDL,U91","P95,P98,U91","P95,P98,U91",,5,3,0,0.0,0,false
1393,BP Greystanes,BP,"2-4 Kippax St, Greystanes NSW 2145",-33.827913,150.937925,green,All usual fuels available,"E10,P98,PDL,U91","E10,P98,U91","E10,P98,U91",,4,3,0,0.0,0,false
2221,BP Guildford,BP,"257 Guildford Rd, GUILDFORD NSW 2161",-33.85437,150.988836,green,All usual fuels available,"DL,E10,P98,PDL,U91","E10,P98,U91","E10,P98,U91",,5,3,0,0.0,0,false
2240,BP Haberfield,BP,"95-97 Ramsay St, HABERFIELD NSW 2045",-33.881623,151.140229,green,All usual fuels available,"E10,P98,PDL,U91","E10,P98,U91","E10,P98,U91",,4,3,0,0.0,0,false
327,BP Hornsby,BP,"Cnr George St and Burdett St, Hornsby NSW 2077",-33.702337,151.099325,green,All usual fuels available,"P98,PDL,U91","P98,U91","P98,U91",,3,2,0,0.0,0,false
1795,BP Lane Cove,BP,"62-70 Epping Rd, Lane Cove NSW 2066",-33.811106,151.164217,green,All usual fuels available,"E10,LPG,P98,PDL,U91","E10,P98,U91","E10,P98,U91",,5,3,0,0.0,0,false
1752,BP Mays Hill,BP,"149 Great Western Hwy, Mays Hill NSW 2145",-33.819412,150.989313,green,All usual fuels available,"DL,E10,LPG,P95,P98,PDL","E10,P95,P98","E10,P95,P98",,6,3,0,0.0,0,false
1590,BP Merrylands West,BP,"65 Kenyons Road, Merrylands West NSW 2160",-33.836829,150.968399,green,All usual fuels available,"E10,P95,P98,PDL","E10,P95,P98","E10,P95,P98",,4,3,0,0.0,0,false
373,BP Mosman (9542),BP,"175 Ourimbah Road, Mosman NSW 2088",-33.821068,151.233292,green,All usual fuels available,"E10,P98,PDL,U91","E10,P98,U91","E10,P98,U91",,4,3,0,0.0,0,false
301,BP Naremburn,BP,"169 Willoughby Road, Naremburn NSW 2065",-33.820024,151.201159,green,All usual fuels available,"P95,P98,PDL","P95,P98","P95,P98",,3,2,0,0.0,0,false
1465,BP Normanhurst,BP,"155 Pennant Hills Rd, Normanhurst NSW 2076",-33.724599,151.089992,green,All usual fuels available,"P95,P98,PDL,U91","P95,P98,U91","P95,P98,U91",,4,3,0,0.0,0,false
1496,BP North Rocks,BP,"369 North Rocks Rd, North Rocks NSW 2151",-33.769346,151.031858,green,All usual fuels available,"E10,P95,P98,PDL","E10,P95,P98","E10,P95,P98",,4,3,0,0.0,0,false
1152,BP North Willoughby,BP,"157 Penshurst street, Willoughby NSW 2068",-33.797944,151.198197,green,All usual fuels available,"E10,P95,P98,PDL","E10,P95,P98","E10,P95,P98",,4,3,0,0.0,0,false
401,BP Potts Hill T/S,BP,"155-157 Rockwood Road, Yagoona NSW 2199",-33.893297,151.039079,green,All usual fuels available,"DL,E10,P95,P98,PDL","E10,P95,P98","E10,P95,P98",,5,3,0,0.0,0,false
403,BP Pymble,BP,"Cnr Pacific Hwy & Bannockburn Rd, Pymble NSW 2073",-33.740569,151.137913,green,All usual fuels available,"E10,P95,P98,PDL","E10,P95,P98","E10,P95,P98",,4,3,0,0.0,0,false
1796,BP Redfern,BP,"411-417 Cleveland St, REDFERN NSW 2016",-33.891804,151.213294,green,All usual fuels available,"E10,LPG,P98,PDL,U91","E10,P98,U91","E10,P98,U91",,5,3,0,0.0,0,false
355,BP Rosehill,BP,"Cnr Hassall & James Ruse Drive, Rosehill NSW 2142",-33.819266,151.021834,green,All usual fuels available,"E10,P95,P98,PDL","E10,P95,P98","E10,P95,P98",,4,3,0,0.0,0,false
356,BP Rozelle,BP,"Cnr Victoria Rd & Evans St, Rozelle NSW 2039",-33.865443,151.172119,green,All usual fuels available,"P95,P98,PDL,U91","P95,P98,U91","P95,P98,U91",,4,3,0,0.0,0,false
331,BP Rydalmere,BP,"Cnr Victora Rd & Clyde St, Rydalmere NSW 2116",-33.810883,151.032896,green,All usual fuels available,"E10,P95,P98,PDL","E10,P95,P98","E10,P95,P98",,4,3,0,0.0,0,false
1794,BP Seven Hills,BP,"154-156 Prospect Hwy, Seven Hills NSW 2147",-33.769073,150.941486,green,All usual fuels available,"DL,E10,P98,PDL,U91","E10,P98,U91","E10,P98,U91",,5,3,0,0.0,0,false
2252,BP Silverwater,BP,"Cnr Silverwater Road & Derby Street, SILVERWATER NSW 2128",-33.837648,151.046763,green,All usual fuels available,"DL,E10,P95,P98,PDL","E10,P95,P98","E10,P95,P98",,5,3,0,0.0,0,false
2711,BP Silverwater South,BP,"51 Egerton St, SILVERWATER NSW 2128",-33.8363055,151.0478898,green,All usual fuels available,"E10,LPG,P98,PDL,U91","E10,P98,U91","E10,P98,U91",,5,3,0,0.0,0,false
18444,BP Smithfield NSW,BP,"846 THE HORSLEY DRIVE, SMITHFIELD NSW 2164",-33.8515694,150.9256841,green,All usual fuels available,"E10,P98,U91","E10,P98,U91","E10,P98,U91",,3,3,0,0.0,0,false
1518,BP Summer Hill,BP,"3 Carlton Cres, Summer Hill NSW 2130",-33.892492,151.143151,green,All usual fuels available,"E10,P95,P98,PDL,U91","E10,P95,P98,U91","E10,P95,P98,U91",,5,4,0,0.0,0,false
362,BP Thornleigh,BP,"Pennant Hills Rd & Parkes St, THORNLEIGH NSW 2120",-33.7309,151.08061,green,All usual fuels available,"P95,P98,PDL,U91","P95,P98,U91","P95,P98,U91",,4,3,0,0.0,0,false
1412,BP Turramurra,BP,"213 Kissing Point Rd, Turramurra NSW 2074",-33.7483629,151.1124539,green,All usual fuels available,"E10,P98,PDL,U91","E10,P98,U91","E10,P98,U91",,4,3,0,0.0,0,false
1787,BP West Pennant Hills,BP,"48-50 Aiken Road, West Pennant Hills NSW 2125",-33.754151,151.040615,green,All usual fuels available,"E10,P98,PDL,U91","E10,P98,U91","E10,P98,U91",,4,3,0,0.0,0,false
20186,BP West Pymble,BP,"45 YANKO RD, WEST PYMBLE NSW 2073",-33.76207925,151.12852545,green,All usual fuels available,"E10,P95,P98,PDL","E10,P95,P98","E10,P95,P98",,4,3,0,0.0,0,false
379,BP West Ryde,BP,"1233 Victoria Road (Cnr Marsden Rd), West Ryde NSW 2114",-33.806799,151.071056,green,All usual fuels available,"P98,PDL,U91","P98,U91","P98,U91",,3,2,0,0.0,0,false
1785,BP Willoughby,BP,"500 Willoughby Rd, Willoughby NSW 2068",-33.810257,151.19934,green,All usual fuels available,"E10,P98,PDL,U91","E10,P98,U91","E10,P98,U91",,4,3,0,0.0,0,false
20201,BP Willoughby,BP,"316 PENSHURST ST, NORTH WILLOUGHBY NSW 2068",-33.79381471,151.19589442,green,All usual fuels available,"E10,P95,P98,PDL","E10,P95,P98","E10,P95,P98",,4,3,0,0.0,0,false
20194,BP Woodpark Road,BP,"186 WOODPARK RD, SMITHFIELD NSW 2164",-33.83895384,150.95050097,green,All usual fuels available,"E10,P98,PDL,U91","E10,P98,U91","E10,P98,U91",,4,3,0,0.0,0,false
365,BP Woollahra,BP,"39 Vernon Street, Woollahra NSW 2025",-33.889907,151.247435,green,All usual fuels available,"E10,P95,P98,PDL","E10,P95,P98","E10,P95,P98",,4,3,0,0.0,0,false
1565,BP Yagoona,BP,"405 Hume Highway, Yagoona NSW 2199",-33.908972,151.029147,green,All usual fuels available,"P95,P98,PDL,U91","P95,P98,U91","P95,P98,U91",,4,3,0,0.0,0,false
18000,BUDGET PETROL ASHFIELD,Budget,"22 Charlotte Street, ASHFIELD NSW 2131",-33.8864781,151.1253217,green,All usual fuels available,"E10,P95,PDL,U91","E10,P95,U91","E10,P95,U91",,4,3,0,0.0,0,false
1912,Bravo Girraween,Independent,"133-137 Targo, Girraween NSW 2145",-33.79942,150.951879,green,All usual fuels available,"DL,P98,U91","P98,U91","P98,U91",,3,2,0,0.0,0,false
1344,Budget  Erskineville,Budget,"25-33 Erskineville Road, ERSKINEVILLE NSW 2043",-33.8987718,151.1823214,green,All usual fuels available,"E10,P98,PDL,U91","E10,P98,U91","E10,P98,U91",,4,3,0,0.0,0,false
20208,Budget Auburn,Budget,"98 PARK RD, AUBURN NSW 2144",-33.85714105,151.02892057,green,All usual fuels available,"DL,E10,P98,U91","E10,P98,U91","E10,P98,U91",,4,3,0,0.0,0,false
1860,Budget Fairfield,Budget,"62 Railway Parade, Fairfield NSW 2165",-33.880537,150.948533,green,All usual fuels available,"DL,E10,P95,U91","E10,P95,U91","E10,P95,U91",,4,3,0,0.0,0,false
1367,Budget Granville,Budget,"27 Woodville Rd, Granville NSW 2142",-33.83099,151.00408,green,All usual fuels available,"E10,P95,P98,PDL,U91","E10,P95,P98,U91","E10,P95,P98,U91",,5,4,0,0.0,0,false
1630,Budget Petrol,Budget,"143 Concord Rd, North Strathfield NSW 2137",-33.859435,151.09272,green,All usual fuels available,"DL,E10,LPG,P95,P98,U91","E10,P95,P98,U91","E10,P95,P98,U91",,6,4,0,0.0,0,false
20558,Budget Petrol,Budget,"365 LIVERPOOL RD, STRATHFIELD NSW 2135",-33.88827705,151.09055146,green,All usual fuels available,"DL,E10,P95,P98,U91","E10,P95,P98,U91","E10,P95,P98,U91",,5,4,0,0.0,0,false
1311,Budget Petrol,Budget,"37 Crystal St., Petersham NSW 2049",-33.890509,151.158759,green,All usual fuels available,"E10,P95,P98,PDL,U91","E10,P95,P98,U91","E10,P95,P98,U91",,5,4,0,0.0,0,false
16924,Budget Petrol Chippendale,Budget,"66-70 Regent Street, CHIPPENDALE NSW 2008",-33.8878,151.2017441,green,All usual fuels available,"P95,P98,PDL,U91","P95,P98,U91","P95,P98,U91",,4,3,0,0.0,0,false
17806,Budget Petrol Lewisham,Budget,"204-208 New Canterbury Rd, LEWISHAM NSW 2049",-33.8970975,151.1490284,green,All usual fuels available,"E10,E85,LPG,P95,P98,PDL,U91","E10,E85,P95,P98,U91","E10,E85,P95,P98,U91",,7,5,0,0.0,0,false
18658,Budget Petrol Telopea,Budget,"57 ADDERTON RD, TELOPEA NSW 2117",-33.7934764,151.0412676,green,All usual fuels available,"E10,P95,PDL,U91","E10,P95,U91","E10,P95,U91",,4,3,0,0.0,0,false
17162,Budget Petroleum Smithfield,Budget,"729 The Horsley Dr, SMITHFIELD NSW 2164",-33.8522655,150.9357342,green,All usual fuels available,"DL,E10,LPG,P98,U91","E10,P98,U91","E10,P98,U91",,5,3,0,0.0,0,false
1863,Caltex Chester Hill,Caltex,"41 Boundary Road, Chester Hill NSW 2162",-33.873839,151.007145,green,All usual fuels available,"E10,P95,P98,PDL,U91","E10,P95,P98,U91","E10,P95,P98,U91",,5,4,0,0.0,0,false
1742,Calvi Petrol Station,Calvi Petrol,"320 Lane Cove Road, North Ryde NSW 2113",-33.792349,151.120171,green,All usual fuels available,"P95,P98,PDL,U91","P95,P98,U91","P95,P98,U91",,4,3,0,0.0,0,false
51,Coles Express Five Dock,Coles Express,"213-253 Parramatta Rd & Walker St, Five Dock NSW 2046",-33.870106,151.115104,green,All usual fuels available,"E10,P95,P98,PDL,U91","E10,P95,P98,U91","E10,P95,P98,U91",,5,4,0,0.0,0,false
369,Coles Express Greenacre,Coles Express,"9-11 Roberts Road, Greenacre NSW 2190",-33.894346,151.066705,green,All usual fuels available,"DL,E10,P95,P98,U91","E10,P95,P98,U91","E10,P95,P98,U91",,5,4,0,0.0,0,false
17977,Coles Express Lansvale West,Coles Express,"240 Hume Highway, LANSVALE NSW 2166",-33.89796,150.952614,green,All usual fuels available,"E10,P95,P98,PDL,U91","E10,P95,P98,U91","E10,P95,P98,U91",,5,4,0,0.0,0,false
680,Coles Express Neutral Bay,Coles Express,"200-204 Ben Boyd Rd (Cnr Ernest St), Neutral Bay NSW 2089",-33.829109,151.219571,green,All usual fuels available,"DL,E10,P95,P98,U91","E10,P95,P98,U91","E10,P95,P98,U91",,5,4,0,0.0,0,false
61,Coles Express Ultimo,Coles Express,"387 427 Wattle St, ULTIMO NSW 2007",-33.881355,151.196904,green,All usual fuels available,"DL,E10,P95,P98","E10,P95,P98","E10,P95,P98",,4,3,0,0.0,0,false
569,Coles Express West Ryde,Coles Express,"1032-1036 Victoria Rd, West Ryde NSW 2114",-33.807472,151.085203,green,All usual fuels available,"E10,P95,P98,PDL,U91","E10,P95,P98,U91","E10,P95,P98,U91",,5,4,0,0.0,0,false
88,Coles Express Yagoona,Coles Express,"112 Rookwood (Cnr Brunker) Rds, Yagoona NSW 2199",-33.898673,151.037094,green,All usual fuels available,"DL,E10,P95,P98","E10,P95,P98","E10,P95,P98",,4,3,0,0.0,0,false
609,EG Ampol Bass Hill,EG Ampol,"862 Hume Highway, Bass Hill NSW 2197",-33.901064,150.999178,green,All usual fuels available,"E10,P95,P98,PDL,U91","E10,P95,P98,U91","E10,P95,P98,U91",,5,4,0,0.0,0,false
640,EG Ampol Burwood,EG Ampol,"400 Parramatta Road, Burwood NSW 2134",-33.868681,151.101546,green,All usual fuels available,"DL,E10,LPG,P95,P98,PDL,U91","E10,P95,P98,U91","E10,P95,P98,U91",,7,4,0,0.0,0,false
660,EG Ampol Chatswood East,EG Ampol,"364-366 Eastern Valley Way, Chatswood East NSW 2067",-33.786662,151.201055,green,All usual fuels available,"E10,P95,P98,PDL,U91","E10,P95,P98,U91","E10,P95,P98,U91",,5,4,0,0.0,0,false
582,EG Ampol Chester Hill,EG Ampol,"35 Woodville Road (cnr Alpha), Chester Hill NSW 2162",-33.866702,150.98867,green,All usual fuels available,"E10,P95,P98,PDL,U91","E10,P95,P98,U91","E10,P95,P98,U91",,5,4,0,0.0,0,false
567,EG Ampol Chullora,EG Ampol,"97 Hume Highway, Chullora NSW 2190",-33.891915,151.05747,green,All usual fuels available,"E10,P95,P98,PDL","E10,P95,P98","E10,P95,P98",,4,3,0,0.0,0,false
647,EG Ampol Fairfield Heights,EG Ampol,"163 THE BOULEVARDE, FAIRFIELD HEIGHTS NSW 2165",-33.8664994,150.9377917,green,All usual fuels available,"E10,P95,P98,PDL,U91","E10,P95,P98,U91","E10,P95,P98,U91",,5,4,0,0.0,0,false
503,EG Ampol Granville,EG Ampol,"158 Clyde Street (Cnr Redfern St), Granville NSW 2142",-33.8462345,151.0124897,green,All usual fuels available,"E10,P95,P98,PDL","E10,P95,P98","E10,P95,P98",,4,3,0,0.0,0,false
682,EG Ampol Greenacre,EG Ampol,"51 Roberts Road (Cnr Amarina St), Greenacre NSW 2190",-33.90031,151.065549,green,All usual fuels available,"E10,P95,P98,PDL,U91","E10,P95,P98,U91","E10,P95,P98,U91",,5,4,0,0.0,0,false
625,EG Ampol Lansvale,EG Ampol,"136 Hume Highway (cnr Hollywood Drive), Lansvale NSW 2166",-33.894706,150.958185,green,All usual fuels available,"E10,P95,P98,PDL,U91","E10,P95,P98,U91","E10,P95,P98,U91",,5,4,0,0.0,0,false
600,EG Ampol Lewisham,EG Ampol,"774 Parramatta Road, Lewisham NSW 2049",-33.890314,151.147982,green,All usual fuels available,"E10,P95,P98,PDL,U91","E10,P95,P98,U91","E10,P95,P98,U91",,5,4,0,0.0,0,false
544,EG Ampol Marsfield,EG Ampol,"Cnr Epping & Balaclava Road, Marsfield NSW 2122",-33.778378,151.107365,green,All usual fuels available,"P95,P98,PDL,U91","P95,P98,U91","P95,P98,U91",,4,3,0,0.0,0,false
507,EG Ampol Merrylands,EG Ampol,"185 Pitt Street, MERRYLANDS NSW 2160",-33.8340678,150.991741,green,All usual fuels available,"E10,P95,P98,PDL,U91","E10,P95,P98,U91","E10,P95,P98,U91",,5,4,0,0.0,0,false
661,EG Ampol Redfern,EG Ampol,"475 Cleveland St, Redfern NSW 2016",-33.892242,151.216086,green,All usual fuels available,"E10,P95,P98,PDL,U91","E10,P95,P98,U91","E10,P95,P98,U91",,5,4,0,0.0,0,false
614,EG Ampol Seven Hills,EG Ampol,"240 Prospect Highway, Seven Hills NSW 2147",-33.776264,150.933269,green,All usual fuels available,"E10,P95,P98,PDL,U91","E10,P95,P98,U91","E10,P95,P98,U91",,5,4,0,0.0,0,false
520,EG Ampol Seven Hills North,EG Ampol,"1/155 Prospect Highway, Seven Hills NSW 2147",-33.769545,150.942085,green,All usual fuels available,"E10,P95,P98,PDL,U91","E10,P95,P98,U91","E10,P95,P98,U91",,5,4,0,0.0,0,false
17278,EG Ampol Silverwater,EG Ampol,"154 Silverwater Rd, SILVERWATER NSW 2128",-33.8316714,151.0485448,green,All usual fuels available,"E10,P95,P98,PDL,U91","E10,P95,P98,U91","E10,P95,P98,U91",,5,4,0,0.0,0,false
526,EG Ampol Strathfield,EG Ampol,"287 Liverpool Road, Burwood NSW 2134",-33.885396,151.093689,green,All usual fuels available,"E10,P95,P98,PDL,U91","E10,P95,P98,U91","E10,P95,P98,U91",,5,4,0,0.0,0,false
663,EG Ampol Turramurra,EG Ampol,"1233 Pacific Highway, Turramurra NSW 2074",-33.73316,151.131317,green,All usual fuels available,"E10,P95,P98,PDL,U91","E10,P95,P98,U91","E10,P95,P98,U91",,5,4,0,0.0,0,false
2129,EG Ampol West Ryde,EG Ampol,"924 Victoria Rd, WEST RYDE NSW 2114",-33.810887,151.093485,green,All usual fuels available,"E10,P95,P98,PDL,U91","E10,P95,P98,U91","E10,P95,P98,U91",,5,4,0,0.0,0,false
20544,Enhance Bass Hill,Enhance,"924 HUME HWY, BASS HILL NSW 2197",-33.89780824,150.99482385,green,All usual fuels available,"E10,E85,P98,PDL,U91","E10,E85,P98,U91","E10,E85,P98,U91",,5,4,0,0.0,0,false
18652,Enhance Camellia,Enhance,"17 GRAND AV, CAMELLIA NSW 2142",-33.820505,151.0356357,green,All usual fuels available,DL,DL,DL,,1,1,0,0.0,0,false
18628,Enhance Eastwood,Enhance,"2 LOVELL RD, EASTWOOD NSW 2122",-33.7916291,151.0895436,green,All usual fuels available,"E10,P98,PDL,U91","E10,P98,U91","E10,P98,U91",,4,3,0,0.0,0,false
20100,Enhance Merrylands,Enhance,"506 MERRYLANDS RD, MERRYLANDS WEST NSW 2160",-33.83268678,150.96969038,green,All usual fuels available,"E10,P98,PDL,U91","E10,P98,U91","E10,P98,U91",,4,3,0,0.0,0,false
18141,Gas to connect,Independent,"54c Fairfield Road, GUILDFORD WEST NSW 2161",-33.8472109,150.9623342,green,All usual fuels available,"DL,E10,P98,U91","E10,P98,U91","E10,P98,U91",,4,3,0,0.0,0,false
2001,Independent Turramurra,Independent,"105 Eastern Rd, Turramurra NSW 2074",-33.720245,151.131246,green,All usual fuels available,"DL,P98,U91","P98,U91","P98,U91",,3,2,0,0.0,0,false
20150,JACK & CO NORTHWOOD,BP,"7 NORTHWOOD RD, LONGUEVILLE NSW 2066",-33.82455262,151.17257358,green,All usual fuels available,"E10,P95,P98,PDL","E10,P95,P98","E10,P95,P98",,4,3,0,0.0,0,false
18609,Jack & Co Lane Cove,Independent,"203 BURNS BAY RD, LANE COVE NSW 2066",-33.814598,151.1543531,green,All usual fuels available,"E10,P98,PDL,U91","E10,P98,U91","E10,P98,U91",,4,3,0,0.0,0,false
1836,Liberty Girraween,Liberty,"38A Gilba Rd, Girraween NSW 2145",-33.801823,150.95119,green,All usual fuels available,"DL,E10,P95,P98,PDL,U91","E10,P95,P98,U91","E10,P95,P98,U91",,6,4,0,0.0,0,false
20242,METRO PETROLEUM (HABERFIELD),Metro Fuel,"163-165 PARRAMATTA RD, HABERFIELD NSW 2045",-33.88364863,151.13453452,green,All usual fuels available,"E10,P98,PDL,U91","E10,P98,U91","E10,P98,U91",,4,3,0,0.0,0,false
18492,METRO ROZELLE,Metro Fuel,"127 VICTORIA RD, ROZELLE NSW 2039",-33.8620438,151.1676701,green,All usual fuels available,"E10,P98,PDL,U91","E10,P98,U91","E10,P98,U91",,4,3,0,0.0,0,false
20218,Metro Barista Bar Croydon Park,Metro Fuel,"236-240 GEORGES RIVER RD, CROYDON PARK NSW 2133",-33.89641155,151.1052879,green,All usual fuels available,"E10,P98,PDL,U91","E10,P98,U91","E10,P98,U91",,4,3,0,0.0,0,false
18533,Metro Canley Heights,Metro Fuel,"190 CANLEY VALE RD, CANLEY HEIGHTS NSW 2166",-33.8845269,150.928557,green,All usual fuels available,"E10,P98,PDL,U91","E10,P98,U91","E10,P98,U91",,4,3,0,0.0,0,false
1243,Metro Castle Cove,Metro Fuel,"327 Eastern Valley Way, Castle Cove NSW 2069",-33.784861,151.201044,green,All usual fuels available,"P95,P98,PDL,U91","P95,P98,U91","P95,P98,U91",,4,3,0,0.0,0,false
17240,Metro Fuel,Metro Fuel,"36-38 Lane Cove Rd, RYDE NSW 2112",-33.8075114,151.1086039,green,All usual fuels available,"E10,P98,PDL,U91","E10,P98,U91","E10,P98,U91",,4,3,0,0.0,0,false
1660,Metro Fuel Alexandria,Metro Fuel,"36 Henderson Road, Alexandria NSW 2015",-33.897447,151.197261,green,All usual fuels available,"E10,P98,PDL,U91","E10,P98,U91","E10,P98,U91",,4,3,0,0.0,0,false
1046,Metro Fuel Canterbury,Metro Fuel,"280 Canterbury Road, Canterbury NSW 2193",-33.914023,151.115187,green,All usual fuels available,"E10,P98,PDL,U91","E10,P98,U91","E10,P98,U91",,4,3,0,0.0,0,false
1516,Metro Fuel Cremorne,Metro Fuel,"51 Spofforth St, CREMORNE NSW 2090",-33.832753,151.229455,green,All usual fuels available,"E10,P98,PDL,U91","E10,P98,U91","E10,P98,U91",,4,3,0,0.0,0,false
18616,Metro Fuel Croydon Park,Metro Fuel,"274 GEORGES RIVER RD, CROYDON PARK NSW 2133",-33.8969265,151.103217,green,All usual fuels available,"E10,LPG,P98,PDL,U91","E10,P98,U91","E10,P98,U91",,5,3,0,0.0,0,false
1428,Metro Fuel Fairfield,Metro Fuel,"130 Hamilton  Road, Fairfield NSW 2165",-33.872643,150.945893,green,All usual fuels available,"E10,P98,PDL,U91","E10,P98,U91","E10,P98,U91",,4,3,0,0.0,0,false
1005,Metro Fuel Greystanes,Metro Fuel,"73 Ettalong Rd, Greystanes NSW 2145",-33.818292,150.95155,green,All usual fuels available,"E10,P98,PDL,U91","E10,P98,U91","E10,P98,U91",,4,3,0,0.0,0,false
1490,Metro Fuel Homebush,Metro Fuel,"134 John Street, Lidcombe NSW 2141",-33.854822,151.046648,green,All usual fuels available,"E10,P98,PDL,U91","E10,P98,U91","E10,P98,U91",,4,3,0,0.0,0,false
1377,Metro Fuel Hornsby,Metro Fuel,"275 Pacific Highway, Hornsby NSW 2077",-33.690987,151.099631,green,All usual fuels available,"E10,P98,PDL,U91","E10,P98,U91","E10,P98,U91",,4,3,0,0.0,0,false
18706,Metro Greenacre,Metro Fuel,"1 DAVID ST, GREENACRE NSW 2190",-33.8964035,151.0592723,green,All usual fuels available,"DL,P95,P98,PDL,U91","P95,P98,U91","P95,P98,U91",,5,3,0,0.0,0,false
18172,Metro Guildford,Metro Fuel,"2 Rawson Road, GUILDFORD NSW 2161",-33.8636594,151.0088717,green,All usual fuels available,"DL,E10,P98,U91","E10,P98,U91","E10,P98,U91",,4,3,0,0.0,0,false
20261,Metro Hurlstone Park,Metro Fuel,"13 CANTERBURY RD, CANTERBURY NSW 2193",-33.90781274,151.1252332,green,All usual fuels available,"E10,P98,PDL,U91","E10,P98,U91","E10,P98,U91",,4,3,0,0.0,0,false
1089,Metro Lane Cove North,Metro Fuel,"533 MOWBRAY RD WEST, LANE COVE NORTH NSW 2066",-33.80597063,151.16627392,green,All usual fuels available,"DL,E10,P98,PDL,U91","E10,P98,U91","E10,P98,U91",,5,3,0,0.0,0,false
20847,Metro Lansdowne,Metro Fuel,"987 HUME HWY, LANSDOWNE NSW 2163",-33.88930372,150.97102323,green,All usual fuels available,"DL,E10,P95,P98,PDL,U91","E10,P95,P98,U91","E10,P95,P98,U91",,6,4,0,0.0,0,false
2085,Metro Pendle Hill,Metro Fuel,"229 Wentworth Avenue, Pendle Hill NSW 2145",-33.800251,150.955916,green,All usual fuels available,"E10,PDL,U91","E10,U91","E10,U91",,3,2,0,0.0,0,false
19784,Metro Petroleum Birrong,Metro Fuel,"158 Auburn Rd, Birrong NSW 2143",-33.89747,151.02122,green,All usual fuels available,"E10,P95,P98,PDL,U91","E10,P95,P98,U91","E10,P95,P98,U91",,5,4,0,0.0,0,false
18670,Metro Petroleum Leichhardt,Metro Fuel,"127-129 MARION ST, LEICHHARDT NSW 2040",-33.8839399,151.1507793,green,All usual fuels available,"DL,E10,P98,PDL,U91","E10,P98,U91","E10,P98,U91",,5,3,0,0.0,0,false
19642,Metro Petroleum Thornleigh,Metro Fuel,"169-171 PENNANT HILLS RD, THORNLEIGH NSW 2120",-33.7249247,151.0882611,green,All usual fuels available,"DL,E10,P98,PDL,U91","E10,P98,U91","E10,P98,U91",,5,3,0,0.0,0,false
20519,Metro Petroleum Westleigh,Metro Fuel,"128 DUFFY AV, WESTLEIGH NSW 2120",-33.72039099,151.06893198,green,All usual fuels available,"P98,PDL,U91","P98,U91","P98,U91",,3,2,0,0.0,0,false
20606,Metro Sefton,Metro Fuel,"101 HECTOR ST, SEFTON NSW 2162",-33.88412578,151.00705243,green,All usual fuels available,"DL,P95,U91","P95,U91","P95,U91",,3,2,0,0.0,0,false
1962,Metro St Ives Chase,Metro Fuel,"164 Warrimoo Avenue, St Ives Chase NSW 2075",-33.710941,151.159927,green,All usual fuels available,"P98,PDL,U91","P98,U91","P98,U91",,3,2,0,0.0,0,false
20848,Metro Toongabbie,Metro Fuel,"5 PICASSO CR, OLD TOONGABBIE NSW 2146",-33.78636098,150.96734091,green,All usual fuels available,"E10,P98,PDL,U91","E10,P98,U91","E10,P98,U91",,4,3,0,0.0,0,false
19018,Metro Villawood,Metro Fuel,"276 MILLER RD, VILLAWOOD NSW 2163",-33.8876145,150.9920889,green,All usual fuels available,"E10,P95,P98,PDL,U91","E10,P95,P98,U91","E10,P95,P98,U91",,5,4,0,0.0,0,false
17991,Metro Wakeley,Metro Fuel,"72 Thorney Rd, FAIRFIELD WEST NSW 2165",-33.8736677,150.9241934,green,All usual fuels available,"E10,P98,PDL,U91","E10,P98,U91","E10,P98,U91",,4,3,0,0.0,0,false
17232,Metro Willoughby,Metro Fuel,"599 Willoughby Rd, WILLOUGHBY NSW 2068",-33.803882,151.1997448,green,All usual fuels available,"E10,P98,PDL","E10,P98","E10,P98",,3,2,0,0.0,0,false
2452,Metro Yagoona,Metro Fuel,"585 Hume Hwy, YAGOONA NSW 2199",-33.906106,151.014058,green,All usual fuels available,"E10,P95,P98,PDL,U91","E10,P95,P98,U91","E10,P95,P98,U91",,5,4,0,0.0,0,false
1502,Mobil 1 Carlingford Car Care,Mobil 1 Carlingford Car Care,"482 North Rocks Rd, Carlingford NSW 2118",-33.765073,151.057902,green,All usual fuels available,"E10,P95,P98,PDL,U91","E10,P95,P98,U91","E10,P95,P98,U91",,5,4,0,0.0,0,false
18171,North Ryde Petroleum,Independent,"118 Coxs Rd, North Ryde NSW 2113",-33.80141,151.13036,green,All usual fuels available,"P95,PDL,U91","P95,U91","P95,U91",,3,2,0,0.0,0,false
20546,OTR Baulkham Hills,Shell,"SHELL PETROL STATION 363 WINDSOR RD, BAULKHAM HILLS NSW 2153",-33.76019897,150.99159815,green,All usual fuels available,"E10,P95,P98,PDL,U91","E10,P95,P98,U91","E10,P95,P98,U91",,5,4,0,0.0,0,false
20643,OTR Greenacre West,Shell,"74 ROBERTS RD, GREENACRE NSW 2190",-33.89232381,151.06630689,green,All usual fuels available,"E10,P95,P98,PDL,U91","E10,P95,P98,U91","E10,P95,P98,U91",,5,4,0,0.0,0,false
20258,OTR Greystanes,Shell,"661 MERRYLANDS RD, GREYSTANES NSW 2145",-33.8293667,150.95266479,green,All usual fuels available,"E10,P95,P98,PDL","E10,P95,P98","E10,P95,P98",,4,3,0,0.0,0,false
20559,OTR Pennant Hills East,Shell,"369 PENNANT HILLS RD, PENNANT HILLS NSW 2120",-33.7387732,151.07375651,green,All usual fuels available,"E10,P95,P98,PDL,U91","E10,P95,P98,U91","E10,P95,P98,U91",,5,4,0,0.0,0,false
20630,OTR Pennant Hills West,Shell,"386 PENNANT HILLS RD, PENNANT HILLS NSW 2120",-33.73922917,151.06795194,green,All usual fuels available,"E10,P95,P98,PDL,U91","E10,P95,P98,U91","E10,P95,P98,U91",,5,4,0,0.0,0,false
20249,OTR Strathfield,Shell,"9 ALBERT RD, STRATHFIELD NSW 2135",-33.87080278,151.09235462,green,All usual fuels available,"E10,P95,P98,PDL,U91","E10,P95,P98,U91","E10,P95,P98,U91",,5,4,0,0.0,0,false
20594,OTR Willoughby,Shell,"616-626 WILLOUGHBY RD, WILLOUGHBY NSW 2068",-33.80591051,151.19881916,green,All usual fuels available,"E10,P95,P98,PDL,U91","E10,P95,P98,U91","E10,P95,P98,U91",,5,4,0,0.0,0,false
20832,OTR Woolloomooloo,Shell,"61 COWPER WHARF ROADWAY, WOOLLOOMOOLOO NSW 2011",-33.8696009,151.22131385,green,All usual fuels available,"E10,P95,P98,PDL,U91","E10,P95,P98,U91","E10,P95,P98,U91",,5,4,0,0.0,0,false
20108,PRIME PETERSHAM,Prime,"8 CRYSTAL ST, PETERSHAM NSW 2049",-33.88868361,151.15857265,green,All usual fuels available,"DL,E10,P98,U91","E10,P98,U91","E10,P98,U91",,4,3,0,0.0,0,false
2141,Powerfuel,Powerfuel,"101 Blaxcell St, GRANVILLE NSW 2142",-33.842551,151.010602,green,All usual fuels available,"DL,E10,P95,U91","E10,P95,U91","E10,P95,U91",,4,3,0,0.0,0,false
20649,SHELL NORTH ROCKS,Shell,"264 NORTH ROCKS RD, NORTH ROCKS NSW 2151",-33.77511,151.022676,green,All usual fuels available,"DL,E10,P98,PDL,U91","E10,P98,U91","E10,P98,U91",,5,3,0,0.0,0,false
18342,SHELL Parramatta CVRO (Self-serve),Shell,"1 DURHAM ST, ROSEHILL NSW 2142",-33.82410264,151.03733463,green,All usual fuels available,DL,DL,DL,,1,1,0,0.0,0,false
20089,SPEEDWAY PARRAMATTA,Speedway,"127A ALFRED ST, PARRAMATTA NSW 2150",-33.81786392,151.01754396,green,All usual fuels available,"DL,P98,U91","P98,U91","P98,U91",,3,2,0,0.0,0,false
18232,SPEEDWAY SACKVILLE STREET FAIRFIELD,Speedway,"115 Sackville Street, FAIRFIELD NSW 2165",-33.8727231,150.9452203,green,All usual fuels available,"DL,E10,P98,U91","E10,P98,U91","E10,P98,U91",,4,3,0,0.0,0,false
18584,Shell Croydon,Shell,"418-424 LIVERPOOL RD, CROYDON NSW 2132",-33.888152,151.1150622,green,All usual fuels available,"E10,P98,PDL,U91","E10,P98,U91","E10,P98,U91",,4,3,0,0.0,0,false
18514,Shell Lane Cove,Shell,"254 BURNS BAY RD, LANE COVE NSW 2066",-33.8171912,151.1518756,green,All usual fuels available,"P95,P98,PDL,U91","P95,P98,U91","P95,P98,U91",,4,3,0,0.0,0,false
113,Shell Reddy  Express Alexandria,Reddy Express,"562-572 Botany Rd, Alexandria NSW 2015",-33.915767,151.200134,green,All usual fuels available,"DL,E10,P95,P98","E10,P95,P98","E10,P95,P98",,4,3,0,0.0,0,false
302,Shell Reddy  Express Hunters Hill,Reddy Express,"4 Ryde Rd, Hunters Hill NSW 2110",-33.831761,151.141656,green,All usual fuels available,"DL,P95,P98,U91","P95,P98,U91","P95,P98,U91",,4,3,0,0.0,0,false
52,Shell Reddy  Express Marsfield,Reddy Express,"189 Epping Rd & Culloden Rd, Marsfield NSW 2122",-33.775212,151.105289,green,All usual fuels available,"E10,P95,P98,U91","E10,P95,P98,U91","E10,P95,P98,U91",,4,4,0,0.0,0,false
391,Shell Reddy  Express Northmead,Reddy Express,"197 Windsor Road, Northmead NSW 2152",-33.7774,151.000088,green,All usual fuels available,"DL,E10,P95,P98,U91","E10,P95,P98,U91","E10,P95,P98,U91",,5,4,0,0.0,0,false
105,Shell Reddy  Express Norwest Business Park,Reddy Express,"4 Century Circuit, Baulkham Hills NSW 2153",-33.733555,150.963518,green,All usual fuels available,"DL,E10,P95,P98,U91","E10,P95,P98,U91","E10,P95,P98,U91",,5,4,0,0.0,0,false
402,Shell Reddy  Express Parramatta,Reddy Express,"88 Victoria Rd (Cnr Buller St), Parramatta NSW 2150",-33.808902,151.012191,green,All usual fuels available,"E10,P95,P98","E10,P95,P98","E10,P95,P98",,3,3,0,0.0,0,false
513,Shell Reddy  Express Pymble,Reddy Express,"21 Ryde Rd, Pymble NSW 2073",-33.751974,151.143905,green,All usual fuels available,"DL,E10,P95,P98,U91","E10,P95,P98,U91","E10,P95,P98,U91",,5,4,0,0.0,0,false
613,Shell Reddy  Express St Ives,Reddy Express,"179-181 Mona Vale Rd, St Ives NSW 2075",-33.731206,151.157571,green,All usual fuels available,"DL,E10,P95,P98,PDL,U91","E10,P95,P98,U91","E10,P95,P98,U91",,6,4,0,0.0,0,false
802,Shell Reddy Express Annandale,Reddy Express,"124-126 Johnston Street, Annandale NSW 2038",-33.880918,151.170629,green,All usual fuels available,"E10,P95,P98","E10,P95,P98","E10,P95,P98",,3,3,0,0.0,0,false
65,Shell Reddy Express Bass Hill,Reddy Express,"884-888 Hume Hwy (Cnr Strickland St), Bass Hill NSW 2197",-33.89964,150.997487,green,All usual fuels available,"DL,E10,P95,P98,U91","E10,P95,P98,U91","E10,P95,P98,U91",,5,4,0,0.0,0,false
435,Shell Reddy Express Bondi Junction,Reddy Express,"120-138 Birrell Street, Bondi Junction NSW 2022",-33.895583,151.248617,green,All usual fuels available,"DL,E10,P95,P98,U91","E10,P95,P98,U91","E10,P95,P98,U91",,5,4,0,0.0,0,false
657,Shell Reddy Express Cammeray,Reddy Express,"477-483 Miller St & Palmer St, Cammeray NSW 2062",-33.821107,151.210613,green,All usual fuels available,"DL,E10,P95,P98","E10,P95,P98","E10,P95,P98",,4,3,0,0.0,0,false
34,Shell Reddy Express Chatswood,Reddy Express,"877-879 Pacific Hwy, Chatswood NSW 2067",-33.791717,151.180472,green,All usual fuels available,"DL,E10,P95,P98,U91","E10,P95,P98,U91","E10,P95,P98,U91",,5,4,0,0.0,0,false
291,Shell Reddy Express Cremorne,Reddy Express,"227 Military Rd, Cremorne NSW 2090",-33.830574,151.226235,green,All usual fuels available,"DL,E10,P95,P98","E10,P95,P98","E10,P95,P98",,4,3,0,0.0,0,false
813,Shell Reddy Express Drummoyne,Reddy Express,"39- 51 Victoria Rd, Drummoyne NSW 2047",-33.856044,151.158938,green,All usual fuels available,"E10,P98","E10,P98","E10,P98",,2,2,0,0.0,0,false
69,Shell Reddy Express Drummoyne,Reddy Express,"38-46 Victoria Rd, Drummoyne NSW 2047",-33.855759,151.159307,green,All usual fuels available,"DL,E10,P95,P98,U91","E10,P95,P98,U91","E10,P95,P98,U91",,5,4,0,0.0,0,false
413,Shell Reddy Express Dundas,Reddy Express,"199-203 Kissing Point Rd (Cnr Kirby St), Dundas NSW 2117",-33.799108,151.045362,green,All usual fuels available,"E10,P95,P98,U91","E10,P95,P98,U91","E10,P95,P98,U91",,4,4,0,0.0,0,false
45,Shell Reddy Express Enfield,Reddy Express,"630-634 Liverpool Road, Strathfield South NSW 2136",-33.88688,151.071135,green,All usual fuels available,"DL,E10,P95,P98,U91","E10,P95,P98,U91","E10,P95,P98,U91",,5,4,0,0.0,0,false
55,Shell Reddy Express Guildford,Reddy Express,"295 Woodville Rd, Guildford NSW 2161",-33.850752,150.996951,green,All usual fuels available,"E10,P95,P98,U91","E10,P95,P98,U91","E10,P95,P98,U91",,4,4,0,0.0,0,false
63,Shell Reddy Express Hornsby,Reddy Express,"194-206 Pacific Hwy, Hornsby NSW 2077",-33.7072,151.099147,green,All usual fuels available,"DL,E10,P95,P98,U91","E10,P95,P98,U91","E10,P95,P98,U91",,5,4,0,0.0,0,false
635,Shell Reddy Express Lane Cove,Reddy Express,"378 Pacific Hwy (Cnr Allison Ave), Lane Cove NSW 2066",-33.81408,151.176944,green,All usual fuels available,"E10,P95,P98","E10,P95,P98","E10,P95,P98",,3,3,0,0.0,0,false
12,Shell Reddy Express Lansvale,Reddy Express,"65-99 Hume Highway, Canley Vale NSW 2166",-33.893006,150.960593,green,All usual fuels available,"DL,E10,P98","E10,P98","E10,P98",,3,2,0,0.0,0,false
824,Shell Reddy Express Lidcombe,Reddy Express,"18 Parramatta Road, Lidcombe NSW 2141",-33.853927,151.059248,green,All usual fuels available,"DL,E10,P95,P98","E10,P95,P98","E10,P95,P98",,4,3,0,0.0,0,false
380,Shell Reddy Express Merrylands,Reddy Express,"398 Merrylands Rd (Cnr Fowler Rd), Merrylands NSW 2160",-33.834269,150.977397,green,All usual fuels available,"E10,P95,P98,U91","E10,P95,P98,U91","E10,P95,P98,U91",,4,4,0,0.0,0,false
924,Shell Reddy Express North Ryde,Reddy Express,"275 Lane Cove Rd, North Ryde NSW 2113",-33.785039,151.128758,green,All usual fuels available,"E10,P95,P98,U91","E10,P95,P98,U91","E10,P95,P98,U91",,4,4,0,0.0,0,false
502,Shell Reddy Express North Ryde Wicks,Reddy Express,"96 Wicks Road, North Ryde NSW 2113",-33.794129,151.126785,green,All usual fuels available,"E10,P98,U91","E10,P98,U91","E10,P98,U91",,3,3,0,0.0,0,false
491,Shell Reddy Express Northmead Briens,Reddy Express,"100 Briens Road, Northmead NSW 2152",-33.796012,150.989391,green,All usual fuels available,"DL,E10,P95,P98","E10,P95,P98","E10,P95,P98",,4,3,0,0.0,0,false
62,Shell Reddy Express Ryde,Reddy Express,"45 Lane Cove Rd & Myra Ave, Ryde NSW 2112",-33.807231,151.109825,green,All usual fuels available,"E10,P95,P98","E10,P95,P98","E10,P95,P98",,3,3,0,0.0,0,false
73,Shell Reddy Express Smithfield,Reddy Express,"678 The Horsley Drv (Cnr Cumberland Hwy), Smithfield NSW 2164",-33.85369,150.940106,green,All usual fuels available,"E10,P95,P98","E10,P95,P98","E10,P95,P98",,3,3,0,0.0,0,false
558,Shell Reddy Express Stanmore,Reddy Express,"308-310 Parramatta Road, Stanmore NSW 2048",-33.888444,151.164376,green,All usual fuels available,"DL,E10,P95,P98,U91","E10,P95,P98,U91","E10,P95,P98,U91",,5,4,0,0.0,0,false
591,Shell Reddy Express Thornleigh,Reddy Express,"188-190 Pennant Hills Rd, Thornleigh NSW 2120",-33.725031,151.085021,green,All usual fuels available,"E10,P95,P98,U91","E10,P95,P98,U91","E10,P95,P98,U91",,4,4,0,0.0,0,false
602,Shell Reddy Express Wahroonga,Reddy Express,"1601 Pacific Hwy & Coonanbarra Rd, Wahroonga NSW 2076",-33.719557,151.11588,green,All usual fuels available,"E10,P95,P98,PDL,U91","E10,P95,P98,U91","E10,P95,P98,U91",,5,4,0,0.0,0,false
1003,Shell Yagoona,Shell,"740 Hume Highway, Yagoona NSW 2199",-33.904856,151.011464,green,All usual fuels available,"DL,E10,P95,P98,PDL,U91","E10,P95,P98,U91","E10,P95,P98,U91",,6,4,0,0.0,0,false
1209,Speedway Auburn,Speedway,"238 Cumberland Rd, Auburn NSW 2144",-33.864119,151.023111,green,All usual fuels available,"DL,E10,P98,U91","E10,P98,U91","E10,P98,U91",,4,3,0,0.0,0,false
20125,Speedway Auburn Road,Speedway,"74-78 AUBURN RD, AUBURN NSW 2144",-33.85464928,151.03250756,green,All usual fuels available,"DL,E10,P95,P98,U91","E10,P95,P98,U91","E10,P95,P98,U91",,5,4,0,0.0,0,false
1655,Speedway Bass Hill,Speedway,"972 Hume Highway, Bass Hill NSW 2197",-33.896169,150.991302,green,All usual fuels available,"DL,E10,P98,U91","E10,P98,U91","E10,P98,U91",,4,3,0,0.0,0,false
2714,Speedway Cammeray,Speedway,"330 Miller St, CAMMERAY NSW 2062",-33.8287134,151.2088097,green,All usual fuels available,"DL,P98,U91","P98,U91","P98,U91",,3,2,0,0.0,0,false
1220,Speedway Fairfield,Speedway,"251 The Horsley Drive, Fairfield NSW 2165",-33.871362,150.962808,green,All usual fuels available,"DL,E10,LPG,P98,U91","E10,P98,U91","E10,P98,U91",,5,3,0,0.0,0,false
2070,Speedway Granville,Speedway,"348 Blaxcell Street, Granville NSW 2142",-33.857163,151.007097,green,All usual fuels available,"DL,E10,P98,PDL,U91","E10,P98,U91","E10,P98,U91",,5,3,0,0.0,0,false
2026,Speedway Haberfield,Speedway,"273 Parramatta Rd, Haberfield NSW 2045",-33.875166,151.128637,green,All usual fuels available,"DL,E10,LPG,P98,PDL,U91","E10,P98,U91","E10,P98,U91",,6,3,0,0.0,0,false
1231,Speedway Horsley Drive,Speedway,"769 The Horsley Dr, SMITHFIELD NSW 2164",-33.8520884,150.9322197,green,All usual fuels available,"DL,E10,P98,U91","E10,P98,U91","E10,P98,U91",,4,3,0,0.0,0,false
17270,Speedway Kent Road,Speedway,"38 Kent Rd, NORTH RYDE NSW 2113",-33.7916867,151.1159807,green,All usual fuels available,"DL,E10,P98,U91","E10,P98,U91","E10,P98,U91",,4,3,0,0.0,0,false
20131,Speedway Park Road,Speedway,"360 PARK RD, REGENTS PARK NSW 2143",-33.87940324,151.02490548,green,All usual fuels available,"DL,E10,P98,U91","E10,P98,U91","E10,P98,U91",,4,3,0,0.0,0,false
1334,Speedway Regents Park,Speedway,"27-29 Amy Steet, Regents Park NSW 2143",-33.883705,151.026875,green,All usual fuels available,"DL,E10,P98,U91","E10,P98,U91","E10,P98,U91",,4,3,0,0.0,0,false
18422,Speedway Roseville,Speedway,"20-22 BABBAGE RD, ROSEVILLE NSW 2069",-33.7780213,151.1945551,green,All usual fuels available,"E10,P98,PDL,U91","E10,P98,U91","E10,P98,U91",,4,3,0,0.0,0,false
1242,Speedway Smithfield,Speedway,"26-28 Smithfield Road, SMITHFIELD NSW 2164",-33.8514799,150.9429309,green,All usual fuels available,"DL,E10,P98,PDL,U91","E10,P98,U91","E10,P98,U91",,5,3,0,0.0,0,false
8282,Speedway South Granville,Speedway,"171 Clyde St, SOUTH GRANVILLE NSW 2142",-33.8474647,151.0129202,green,All usual fuels available,"DL,E10,P98,U91","E10,P98,U91","E10,P98,U91",,4,3,0,0.0,0,false
1828,Speedway Villawood,Speedway,"45 Fairfield St, Villawood NSW 2163",-33.869642,150.980674,green,All usual fuels available,"DL,E10,P98,PDL,U91","E10,P98,U91","E10,P98,U91",,5,3,0,0.0,0,false
20021,Speedway Wenty,Speedway,"55-57 STATION ST, WENTWORTHVILLE NSW 2145",-33.80917401,150.97135009,green,All usual fuels available,"DL,E10,P98,U91","E10,P98,U91","E10,P98,U91",,4,3,0,0.0,0,false
1733,Speedway West Ryde,Speedway,"899 Victoria Road, West Ryde NSW 2114",-33.81027,151.094204,green,All usual fuels available,"DL,E10,LPG,P98,U91","E10,P98,U91","E10,P98,U91",,5,3,0,0.0,0,false
1175,Speedway Westmead,Speedway,"67-69 Hawkesbury Rd, Westmead NSW 2145",-33.813346,150.98571,green,All usual fuels available,"DL,E10,P98,U91","E10,P98,U91","E10,P98,U91",,4,3,0,0.0,0,false
20528,Speedway William Street,Speedway,"2 BLAXCELL ST, GRANVILLE NSW 2142",-33.83625598,151.01101328,green,All usual fuels available,"DL,E10,P98,U91","E10,P98,U91","E10,P98,U91",,4,3,0,0.0,0,false
2024,Speedway Woodpark,Speedway,"32-36 Woodpark Rd, WOODPARK NSW 2164",-33.8410479,150.9633347,green,All usual fuels available,"DL,E10,P98,U91","E10,P98,U91","E10,P98,U91",,4,3,0,0.0,0,false
18146,Supreme Petroleum Guildford,Supreme Fuel,"210 Guildford Road, GUILDFORD NSW 2161",-33.8551791,150.9909269,green,All usual fuels available,"E10,P95,P98,PDL,U91","E10,P95,P98,U91","E10,P95,P98,U91",,5,4,0,0.0,0,false
18454,TEMCO Petroleum,TEMCO Petroleum,"190 WATERLOO RD, GREENACRE NSW 2190",-33.90639479,151.05699356,green,All usual fuels available,"DL,P98,U91","P98,U91","P98,U91",,3,2,0,0.0,0,false
1778,Tanwar Petroleum,Independent,"281 New Canterbury Rd, Lewisham NSW 2049",-33.898544,151.145666,green,All usual fuels available,"DL,E10,P95,P98,U91","E10,P95,P98,U91","E10,P95,P98,U91",,5,4,0,0.0,0,false
17147,U-Go Baulkham Hills (Unmanned),U-Go,"117 Seven Hills Rd, BAULKHAM HILLS NSW 2153",-33.7613952,150.9750732,green,All usual fuels available,"E10,P95,P98,PDL,U91","E10,P95,P98,U91","E10,P95,P98,U91",,5,4,0,0.0,0,false
