match_status,match_distance_m,match_confidence,google_name,google_address_full,google_street,google_suburb,google_state,google_lat,google_lng,google_address_missing,fc_id,fc_name,fc_brand,fc_brand_group,fc_address_full,fc_street,fc_suburb,fc_state,fc_postcode,fc_lat,fc_lng,fc_fuel_types,fc_num_fuel_types,fc_price_DL_cents,fc_price_E10_cents,fc_price_E85_cents,fc_price_LPG_cents,fc_price_P95_cents,fc_price_P98_cents,fc_price_PDL_cents,fc_price_U91_cents,fc_has_price_outlier
matched,6.7,high,EG Ampol West Ryde,"924 Victoria Rd, West Ryde NSW",924 Victoria Rd,West Ryde,NSW,-33.810947,151.093493,false,2129,EG Ampol West Ryde,EG Ampol,Ampol,"924 Victoria Rd, West Ryde NSW 2114",924 Victoria Rd,West Ryde,NSW,2114,-33.810887,151.093485,"E10,P95,P98,PDL,U91",5,,257.9,,,274.9,283.9,325.9,259.9,false
matched,7.5,high,BP,,,,,-33.795827,151.102935,true,1198,BP Denistone East,BP,BP,"295 Quarry Rd, Denistone East NSW 2112",295 Quarry Rd,Denistone East,NSW,2112,-33.795773,151.102887,"E10,P95,P98,PDL,U91",5,,257.9,,,277.9,284.9,329.9,259.9,false
matched,17.8,high,Metro Petroleum,"36 Lane Cove Rd, Ryde NSW",36 Lane Cove Rd,Ryde,NSW,-33.807627,151.108736,false,17240,Metro Fuel,Metro Fuel,Metro,"36-38 Lane Cove Rd, Ryde NSW 2112",36-38 Lane Cove Rd,Ryde,NSW,2112,-33.807511,151.108604,"E10,P98,PDL,U91",4,,249.9,,,,279.9,319.9,252.9,false
matched,3.7,high,Apex Petroleum,"898-902 Victoria Rd, West Ryde NSW",898-902 Victoria Rd,West Ryde,NSW,-33.811893,151.094727,false,1086,Apex Petroleum (West Ryde),Independent,Independent,"898-902 Victoria Rd, West Ryde NSW 2114",898-902 Victoria Rd,West Ryde,NSW,2114,-33.811860,151.094724,"E10,P95,P98,PDL,U91",5,,245.7,,,259.7,265.7,315.7,247.7,false
matched,28.7,high,Speedway West Ryde,"899 Victoria Rd, West Ryde NSW",899 Victoria Rd,West Ryde,NSW,-33.810526,151.094167,false,1733,Speedway West Ryde,Speedway,Speedway,"899 Victoria Road, West Ryde NSW 2114",899 Victoria Road,West Ryde,NSW,2114,-33.810270,151.094204,"DL,E10,LPG,P98,U91",5,322.9,255.9,,117.7,,279.9,,257.9,false
matched,9.2,high,Shell Reddy Express Ryde,"45 Lane Cove Rd, Ryde NSW",45 Lane Cove Rd,Ryde,NSW,-33.807200,151.109917,false,62,Shell Reddy Express Ryde,Reddy Express,Shell,"45 Lane Cove Rd & Myra Ave, Ryde NSW 2112",45 Lane Cove Rd & Myra Ave,Ryde,NSW,2112,-33.807231,151.109825,"E10,P95,P98",3,,257.9,,,275.4,284.9,,,false
matched,10.7,high,Calvi Petrol Station,"320 Lane Cove Rd, North Ryde NSW",320 Lane Cove Rd,North Ryde,NSW,-33.792423,151.120245,false,1742,Calvi Petrol Station,Calvi Petrol,Calvi Petrol,"320 Lane Cove Road, North Ryde NSW 2113",320 Lane Cove Road,North Ryde,NSW,2113,-33.792349,151.120171,"P95,P98,PDL,U91",4,,,,,279.9,285.9,317.9,259.9,false
matched,2.3,high,Speedway Kent Road,"34-38 Kent Rd, North Ryde NSW",34-38 Kent Rd,North Ryde,NSW,-33.791700,151.116000,false,17270,Speedway Kent Road,Speedway,Speedway,"38 Kent Rd, North Ryde NSW 2113",38 Kent Rd,North Ryde,NSW,2113,-33.791687,151.115981,"DL,E10,P98,U91",4,319.5,252.5,,,,283.5,,254.5,false
matched,11.7,high,Shell Reddy Express West Ryde,"1032-1036 Victoria Rd, West Ryde NSW",1032-1036 Victoria Rd,West Ryde,NSW,-33.807395,151.085117,false,569,Coles Express West Ryde,Coles Express,Ampol,"1032-1036 Victoria Rd, West Ryde NSW 2114",1032-1036 Victoria Rd,West Ryde,NSW,2114,-33.807472,151.085203,"E10,P95,P98,PDL,U91",5,,257.9,,,277.4,286.9,323.9,259.9,false
matched,7.3,high,Ampol Foodary North Ryde,"41-43 Epping Rd, North Ryde NSW",41-43 Epping Rd,North Ryde,NSW,-33.791407,151.131126,false,834,Ampol Foodary North Ryde,Ampol Foodary,Ampol,"41-43 Epping Rd Cnr Wicks Rd, North Ryde NSW 2113",41-43 Epping Rd Cnr Wicks Rd,North Ryde,NSW,2113,-33.791450,151.131185,U91,1,,,,,,,,259.9,false
matched,8.5,high,BP,,,,,-33.806760,151.071135,true,379,BP West Ryde,BP,BP,"1233 Victoria Road (Cnr Marsden Rd), West Ryde NSW 2114",1233 Victoria Road (Cnr Marsden Rd),West Ryde,NSW,2114,-33.806799,151.071056,"P98,PDL,U91",3,,,,,,284.9,325.9,259.9,false
matched,11.1,high,BP Putney,"238 Morrison Rd, Putney NSW",238 Morrison Rd,Putney,NSW,-33.823778,151.108437,false,1768,BP Putney,BP,BP,"236 Morrison Road, Putney NSW 2112",236 Morrison Road,Putney,NSW,2112,-33.823874,151.108405,"DL,P98,U91",3,325.9,,,,,284.9,,259.9,false
matched,16.0,high,Shell Reddy Express North Ryde Wicks,"96 Wicks Rd, North Ryde NSW",96 Wicks Rd,North Ryde,NSW,-33.794024,151.126903,false,502,Shell Reddy Express North Ryde Wicks,Reddy Express,Shell,"96 Wicks Road, North Ryde NSW 2113",96 Wicks Road,North Ryde,NSW,2113,-33.794129,151.126785,"E10,P98,U91",3,,257.9,,,,286.9,,259.9,false
matched,0.9,high,Ryde Automative,"332 Blaxland Rd, Ryde NSW",332 Blaxland Rd,Ryde,NSW,-33.802505,151.100334,false,262,7-Eleven Ryde,7-Eleven,7-Eleven,"326-328 Blaxland Road, Ryde NSW 2112",326-328 Blaxland Road,Ryde,NSW,2112,-33.802513,151.100336,"E10,LPG,P98,U91",4,,257.9,,109.9,,283.9,,259.9,false
matched,31.4,high,7-Eleven,"400 Lane Cove Rd, North Ryde NSW",400 Lane Cove Rd,North Ryde,NSW,-33.784274,151.128728,false,260,7-Eleven North Ryde,7-Eleven,7-Eleven,"400 Lane Cove Road, North Ryde NSW 2113",400 Lane Cove Road,North Ryde,NSW,2113,-33.784477,151.128964,"E10,P98,PDL,U91",4,,257.9,,,,283.9,323.9,259.9,false
matched,33.6,high,Shell,,,,,-33.784879,151.129067,true,924,Shell Reddy Express North Ryde,Reddy Express,Shell,"275 Lane Cove Rd, North Ryde NSW 2113",275 Lane Cove Rd,North Ryde,NSW,2113,-33.785039,151.128758,"E10,P95,P98,U91",4,,257.9,,,277.4,286.9,,259.9,false
matched,21.3,high,Enhance Eastwood / Mini Stop Express,"2 Lovell Rd, Eastwood NSW",2 Lovell Rd,Eastwood,NSW,-33.791808,151.089463,false,18628,Enhance Eastwood,Enhance,Enhance,"2 Lovell Rd, Eastwood NSW 2122",2 Lovell Rd,Eastwood,NSW,2122,-33.791629,151.089544,"E10,P98,PDL,U91",4,,257.9,,,,284.9,329.9,259.9,false
matched,3.1,high,Shell Reddy Express Marsfield,"189 Epping Rd, Marsfield NSW",189 Epping Rd,Marsfield,NSW,-33.775231,151.105313,false,52,Shell Reddy Express Marsfield,Reddy Express,Shell,"189 Epping Rd & Culloden Rd, Marsfield NSW 2122",189 Epping Rd & Culloden Rd,Marsfield,NSW,2122,-33.775212,151.105289,"E10,P95,P98,U91",4,,257.9,,,277.4,286.9,,259.9,false
matched,10.8,high,Petro 711,"917-921 Victoria Rd, West Ryde NSW",917-921 Victoria Rd,West Ryde,NSW,-33.809162,151.093411,false,284,7-Eleven West Ryde,7-Eleven,7-Eleven,"919 Victoria Road (Corner Hermitage Road), West Ryde NSW 2114",919 Victoria Road (Corner Hermitage Road),West Ryde,NSW,2114,-33.809250,151.093460,"E10,P95,P98,U91",4,,257.9,,,274.9,283.9,,259.9,false
gap_google_only,,,Ampol Foodary Ermington,"560-562 Victoria Rd, Ermington NSW",560-562 Victoria Rd,Ermington,NSW,-33.813985,151.054868,false,,,,,,,,,,,,,,,,,,,,,,
gap_google_only,,,Metro,"700 Victoria Rd, West Ryde NSW",700 Victoria Rd,West Ryde,NSW,-33.808597,151.066124,false,,,,,,,,,,,,,,,,,,,,,,
matched,0.0,high,EG Ampol Marsfield,,,,,-33.778378,151.107365,true,544,EG Ampol Marsfield,EG Ampol,Ampol,"Cnr Epping & Balaclava Road, Marsfield NSW 2122",Cnr Epping & Balaclava Road,Marsfield,NSW,2122,-33.778378,151.107365,"P95,P98,PDL,U91",4,,,,,275.9,284.9,329.9,259.9,false
matched,5.9,high,Metro Petroleum Epping,,,,,-33.774780,151.079680,true,18286,Metro Petroleum Epping,Metro Fuel,Metro,"30 Bridge St, Epping NSW 2121",30 Bridge St,Epping,NSW,2121,-33.774806,151.079736,"P95,P98,PDL,U91",4,,,,,269.9,279.9,319.9,249.9,false
matched,4.2,high,BP Dundas (Jasbe),,,,,-33.798925,151.054376,true,1793,BP Dundas,BP,BP,"256 Kissing Point Rd, Dundas NSW 2117",256 Kissing Point Rd,Dundas,NSW,2117,-33.798888,151.054368,"E10,P95,P98,PDL",4,,257.9,,,275.9,284.9,326.9,,false
matched,1.4,high,Medco Carlingford,,,,,-33.784959,151.043511,true,18692,Medco Petroleum Carlingford,Independent,Independent,"286-288 Pennant Hills Road, Cnr Adderton Road, Carlingford NSW 2118","286-288 Pennant Hills Road, Cnr Adderton Road",Carlingford,NSW,2118,-33.784950,151.043500,"DL,P98,U91",3,320.7,,,,,282.5,,257.5,false
matched,23.7,high,Astron Rydalmere,,,,,-33.810267,151.032503,true,20820,Astron Rydalmere,Astron,Astron,262 - 272 Victoria Rd Rydalmere NSW 2116,,262 - 272 Victoria Rd Rydalmere,NSW,2116,-33.810076,151.032389,"DL,E10,E85,LPG,P95,P98,U91",7,323.9,254.5,239.9,119.9,271.5,281.5,,256.5,false
matched,10.0,high,Budget Petrol Telopea,,,,,-33.793557,151.041315,true,18658,Budget Petrol Telopea,Budget,Budget,"57 Adderton Rd, Telopea NSW 2117",57 Adderton Rd,Telopea,NSW,2117,-33.793476,151.041268,"E10,P95,PDL,U91",4,,253.3,,,273.3,,321.3,255.3,false
matched,11.9,high,BP Truckstop,,,,,-33.810887,151.032767,true,331,BP Rydalmere,BP,BP,"Cnr Victora Rd & Clyde St, Rydalmere NSW 2116",Cnr Victora Rd & Clyde St,Rydalmere,NSW,2116,-33.810883,151.032896,"E10,P95,P98,PDL",4,,257.9,,,275.9,284.9,326.9,,false
matched,35.0,high,7-Eleven,,,,,-33.770792,151.080850,true,227,7-Eleven Epping,7-Eleven,7-Eleven,"246 Beecroft & Carlingford Roads, Epping NSW 2121",246 Beecroft & Carlingford Roads,Epping,NSW,2121,-33.770913,151.081199,"E10,P98,PDL,U91",4,,257.9,,,,283.9,323.9,259.9,false
matched,8.2,high,Ampol Foodary Lane Cove West,,,,,-33.816492,151.151468,true,18264,Ampol Foodary Lane Cove West,Ampol Foodary,Ampol,"Unit 1 237-245 Burns Bay Rd, Lane Cove West NSW 2066",Unit 1 237-245 Burns Bay Rd,Lane Cove West,NSW,2066,-33.816452,151.151394,"E10,U91",2,,257.9,,,,,,259.9,false
matched,10.5,high,U-Go Carlingford Court,,,,,-33.775768,151.051636,true,2465,U-Go Carlingford Court (Self- Serve),U-Go,U-Go,"797 Pennant Hills Road, Carlingford NSW 2118",797 Pennant Hills Road,Carlingford,NSW,2118,-33.775823,151.051729,"P98,U91",2,,,,,,271.9,,247.9,false
matched,4.3,high,Ampol Foodary Rydalmere,,,,,-33.811924,151.037099,true,17165,Ampol Foodary Rydalmere,Ampol Foodary,Ampol,"309 Victoria Rd, Rydalmere NSW 2116",309 Victoria Rd,Rydalmere,NSW,2116,-33.811960,151.037117,PDL,1,,,,,,,330.4,,false
matched,0.0,high,Ampol Foodary Carlingford,"131 Pennant Hills Rd, Carlingford NSW 2118",131 Pennant Hills Rd,Carlingford NSW 2118,,-33.787648,151.027913,false,2362,Ampol Foodary Carlingford,Ampol Foodary,Ampol,"131 Pennant Hills Rd, Carlingford NSW 2118",131 Pennant Hills Rd,Carlingford,NSW,2118,-33.787648,151.027913,"E10,P95,P98,U91",4,,257.9,,,275.9,284.9,,259.9,false
matched,0.0,high,7-Eleven Carlingford,"243 Pennant Hills Road, Carlingford NSW 2118",243 Pennant Hills Road,Carlingford NSW 2118,,-33.782875,151.045752,false,167,7-Eleven Carlingford,7-Eleven,7-Eleven,"243 Pennant Hills Road, Carlingford NSW 2118",243 Pennant Hills Road,Carlingford,NSW,2118,-33.782875,151.045752,"LPG,P95,P98,PDL,U91",5,,,,108.9,274.9,283.9,323.9,259.9,false
matched,0.0,high,BP Carlingford,"712 Pennant Hills Road, Carlingford NSW 2118",712 Pennant Hills Road,Carlingford NSW 2118,,-33.763701,151.047355,false,281,BP Carlingford,BP,BP,"712 Pennant Hills Road, Carlingford NSW 2118",712 Pennant Hills Road,Carlingford,NSW,2118,-33.763701,151.047355,"E10,P95,P98,PDL",4,,257.9,,,277.9,286.9,323.9,,false
matched,0.0,high,Mobil 1 Carlingford Car Care,"482 North Rocks Rd, Carlingford NSW 2118",482 North Rocks Rd,Carlingford NSW 2118,,-33.765073,151.057902,false,1502,Mobil 1 Carlingford Car Care,Mobil 1 Carlingford Car Care,Mobil,"482 North Rocks Rd, Carlingford NSW 2118",482 North Rocks Rd,Carlingford,NSW,2118,-33.765073,151.057902,"E10,P95,P98,PDL,U91",5,,257.9,,,275.9,285.9,323.9,259.9,false
matched,0.0,high,North Ryde Petroleum,"118 Coxs Rd, North Ryde NSW 2113",118 Coxs Rd,North Ryde NSW 2113,,-33.801410,151.130360,false,18171,North Ryde Petroleum,Independent,Independent,"118 Coxs Rd, North Ryde NSW 2113",118 Coxs Rd,North Ryde,NSW,2113,-33.801410,151.130360,"P95,PDL,U91",3,,,,,279.7,,319.4,259.7,false
matched,22.9,high,EG Ampol,154 Silverwater Rd,,154 Silverwater Rd,,-33.831862,151.048451,false,17278,EG Ampol Silverwater,EG Ampol,Ampol,"154 Silverwater Rd, Silverwater NSW 2128",154 Silverwater Rd,Silverwater,NSW,2128,-33.831671,151.048545,"E10,P95,P98,PDL,U91",5,,257.9,,,274.9,283.9,329.9,259.9,false
matched,21.0,high,BP Truckstop,,,,,-33.837512,151.046606,true,2252,BP Silverwater,BP,BP,"Cnr Silverwater Road & Derby Street, Silverwater NSW 2128",Cnr Silverwater Road & Derby Street,Silverwater,NSW,2128,-33.837648,151.046763,"DL,E10,P95,P98,PDL",5,323.9,257.9,,,274.9,283.9,326.9,,false
matched,9.0,high,EG Ampol Newington,1 Ave Of The Americas,,1 Ave Of The Americas,,-33.833776,151.055555,false,653,EG Ampol Newington,EG Ampol,Ampol,"1 Avenue Of The Americas, Newington NSW 2127",1 Avenue Of The Americas,Newington,NSW,2127,-33.833789,151.055651,"P95,P98,PDL,U91",4,,,,,275.9,284.9,329.9,259.9,false
matched,10.1,high,Enhance Homebush,242 Parramatta Rd,,242 Parramatta Rd,,-33.861619,151.076394,false,1988,Enhance Homebush,Enhance,Enhance,"242 Parramatta Road, Homebush NSW 2140",242 Parramatta Road,Homebush,NSW,2140,-33.861709,151.076405,"DL,E10,LPG,P98,U91",5,322.8,255.8,,109.8,,280.8,,258.8,false
gap_google_only,,,Ampol Foodary Lane Cove,266 Longueville Rd,,266 Longueville Rd,,-33.814673,151.161783,false,,,,,,,,,,,,,,,,,,,,,,
matched,56.1,medium,BP,,,,,-33.819493,151.021292,true,355,BP Rosehill,BP,BP,"Cnr Hassall & James Ruse Drive, Rosehill NSW 2142",Cnr Hassall & James Ruse Drive,Rosehill,NSW,2142,-33.819266,151.021834,"E10,P95,P98,PDL",4,,257.9,,,276.9,285.9,325.9,,false
matched,62.0,medium,Shell Reddy Express Dundas,"199-203 Kissing Point Rd (Corner, Kirby St",199-203 Kissing Point Rd (Corner,Kirby St,,-33.799619,151.045094,false,413,Shell Reddy Express Dundas,Reddy Express,Shell,"199-203 Kissing Point Rd (Cnr Kirby St), Dundas NSW 2117",199-203 Kissing Point Rd (Cnr Kirby St),Dundas,NSW,2117,-33.799108,151.045362,"E10,P95,P98",3,,257.9,,,277.4,286.9,,,false
matched,17.3,high,BP Truckstop,369 N Rocks Rd,,369 N Rocks Rd,,-33.769191,151.031868,false,1496,BP North Rocks,BP,BP,"369 North Rocks Rd, North Rocks NSW 2151",369 North Rocks Rd,North Rocks,NSW,2151,-33.769346,151.031858,"E10,P95,P98,PDL",4,,257.9,,,274.9,283.9,323.9,,false
matched,52.3,medium,7-Eleven,81 Macarthur St,,81 Macarthur St,,-33.809143,151.014375,false,266,7-Eleven Parramatta,7-Eleven,7-Eleven,"81 Victoria Road & Macarthur Street, Parramatta NSW 2150",81 Victoria Road & Macarthur Street,Parramatta,NSW,2150,-33.808768,151.014716,"E10,P98,PDL,U91",4,,257.9,,,,283.9,323.9,259.9,false
matched,6.2,high,Speedway Parramatta,127A Alfred St,,127A Alfred St,,-33.817810,151.017527,false,20089,Speedway Parramatta,Speedway,Speedway,"127A Alfred St, Parramatta NSW 2150",127A Alfred St,Parramatta,NSW,2150,-33.817864,151.017544,"DL,P98,U91",3,325.5,,,,,285.5,,257.5,false
gap_google_only,,,Ampol Foodary Parramatta,159 Wigram St,,159 Wigram St,,-33.811056,151.021996,false,,,,,,,,,,,,,,,,,,,,,,
gap_google_only,,,Shell Reddy Express Parramatta North,246 Pennant Hills Rd,,246 Pennant Hills Rd,,-33.781706,151.009754,false,,,,,,,,,,,,,,,,,,,,,,
matched,0.1,high,7-Eleven,340 N Rocks Rd,,340 N Rocks Rd,,-33.768976,151.030690,false,137,7-Eleven North Rocks,7-Eleven,7-Eleven,"340 North Rocks Road, North Rocks NSW 2151",340 North Rocks Road,North Rocks,NSW,2151,-33.768977,151.030690,"E10,P95,P98,U91",4,,257.9,,,274.9,283.9,,259.9,false
matched,5.6,high,BP,,,,,-33.754200,151.040600,true,1787,BP West Pennant Hills,BP,BP,"48-50 Aiken Road, West Pennant Hills NSW 2125",48-50 Aiken Road,West Pennant Hills,NSW,2125,-33.754151,151.040615,"E10,P98,PDL,U91",4,,257.9,,,,284.9,320.9,259.9,false
matched,64.3,medium,Shell Reddy Express Parramatta,"88 Victoria Rd (Corner, Buller St",88 Victoria Rd (Corner,Buller St,,-33.808676,151.012832,false,402,Shell Reddy Express Parramatta,Reddy Express,Shell,"88 Victoria Rd (Cnr Buller St), Parramatta NSW 2150",88 Victoria Rd (Cnr Buller St),Parramatta,NSW,2150,-33.808902,151.012191,"E10,P95,P98",3,,257.9,,,275.4,284.9,,,false
gap_google_only,,,Enhance Eastwood,,,,,-33.792063,151.081580,true,,,,,,,,,,,,,,,,,,,,,,
gap_google_only,,,7-Eleven,30 Beecroft Rd,,30 Beecroft Rd,,-33.772695,151.081620,false,,,,,,,,,,,,,,,,,,,,,,
gap_google_only,,,Shell Reddy Express Epping,41 Beecroft Rd,,41 Beecroft Rd,,-33.771775,151.082658,false,,,,,,,,,,,,,,,,,,,,,,
gap_google_only,,,United,,,,,-33.763900,151.001700,true,,,,,,,,,,,,,,,,,,,,,,
matched,4.0,high,Shell Reddy Express Hunters Hill,"4 Ryde Rd, Hunters Hill NSW",4 Ryde Rd,Hunters Hill,NSW,-33.831726,151.141664,false,302,Shell Reddy Express Hunters Hill,Reddy Express,Shell,"4 Ryde Rd, Hunters Hill NSW 2110",4 Ryde Rd,Hunters Hill,NSW,2110,-33.831761,151.141656,"DL,P95,P98,U91",4,323.9,,,,277.4,286.9,,259.9,false
matched,34.9,high,7-Eleven Northmead,"56 Windsor Rd, Northmead NSW",56 Windsor Rd,Northmead,NSW,-33.790820,150.996836,false,264,7-Eleven Northmead,7-Eleven,7-Eleven,"56 Windsor Road & Northmead Avenue, Northmead NSW 2152",56 Windsor Road & Northmead Avenue,Northmead,NSW,2152,-33.790961,150.997173,PDL,1,,,,,,,323.9,,false
matched,44.4,high,Ampol Foodary Northmead,"Windsor Rd Cnr, 98-100 Lombard St, Northmead NSW","Windsor Rd Cnr, 98-100 Lombard St",Northmead,NSW,-33.787866,150.994656,false,782,Ampol Foodary Northmead,Ampol Foodary,Ampol,"98-100 Windsor Rd Cnr Lombard Rd, Northmead NSW 2152",98-100 Windsor Rd Cnr Lombard Rd,Northmead,NSW,2152,-33.788196,150.994927,"E10,P95,P98,PDL,U91",5,,257.9,,,275.9,284.9,328.4,259.9,false
matched,7.9,high,Shell Reddy Express Northmead,"197 Windsor Rd, Northmead NSW",197 Windsor Rd,Northmead,NSW,-33.777445,151.000022,false,391,Shell Reddy Express Northmead,Reddy Express,Shell,"197 Windsor Road, Northmead NSW 2152",197 Windsor Road,Northmead,NSW,2152,-33.777400,151.000088,"DL,E10,P95,P98,U91",5,323.9,257.9,,,277.4,286.9,,259.9,false
matched,11.4,high,7-Eleven Northmead,"137 Windsor Rd, Northmead NSW",137 Windsor Rd,Northmead,NSW,-33.782291,150.997014,false,311,7-Eleven Northmead,7-Eleven,7-Eleven,"137 Windsor Road, Northmead NSW 2152",137 Windsor Road,Northmead,NSW,2152,-33.782288,150.997137,"E10,P95,P98,PDL,U91",5,,257.9,,,274.9,283.9,323.9,259.9,false
matched,57.6,medium,Shell Reddy Express Northmead Briens,"100 Briens Rd, Northmead NSW",100 Briens Rd,Northmead,NSW,-33.796346,150.988914,false,491,Shell Reddy Express Northmead Briens,Reddy Express,Shell,"100 Briens Road, Northmead NSW 2152",100 Briens Road,Northmead,NSW,2152,-33.796012,150.989391,"DL,E10,P95,P98",4,323.9,257.9,,,275.4,284.9,,,false
matched,7.0,high,Speedway Auburn Road,,,,,-33.854634,151.032434,true,20125,Speedway Auburn Road,Speedway,Speedway,"74-78 Auburn Rd, Auburn NSW 2144",74-78 Auburn Rd,Auburn,NSW,2144,-33.854649,151.032508,"DL,E10,P95,P98,U91",5,322.5,251.5,,,268.5,275.5,,253.5,false
matched,11.4,high,Ampol,,,,,-33.841182,151.036005,true,1109,Ampol Auburn,Ampol,Ampol,"179 Parramatta Road, Auburn NSW 2144",179 Parramatta Road,Auburn,NSW,2144,-33.841080,151.035998,"E10,LPG,P95,P98,PDL,U91",6,,257.7,,108.9,271.7,279.7,323.9,259.7,false
matched,9.7,high,Speedway Auburn,,,,,-33.864177,151.023190,true,1209,Speedway Auburn,Speedway,Speedway,"238 Cumberland Rd, Auburn NSW 2144",238 Cumberland Rd,Auburn,NSW,2144,-33.864119,151.023111,"DL,E10,P98,U91",4,322.5,251.5,,,,275.5,,253.5,false
matched,42.8,high,7-Eleven,,,,,-33.834987,151.022288,true,231,7-Eleven Granville East,7-Eleven,7-Eleven,"Lot 3-4 Parramatta Road & Harbord Street, Granville East NSW 2142",Lot 3-4 Parramatta Road & Harbord Street,Granville East,NSW,2142,-33.835001,151.021825,"E10,LPG,P95,P98,PDL,U91",6,,257.9,,108.9,274.9,283.9,323.9,259.9,false
matched,1.8,high,Budget Petrol Auburn,,,,,-33.857138,151.028902,true,20208,Budget Auburn,Budget,Budget,"98 Park Rd, Auburn NSW 2144",98 Park Rd,Auburn,NSW,2144,-33.857141,151.028921,"DL,E10,P98,U91",4,329.5,252.5,,,,279.5,,257.5,false
matched,16.3,high,Ampol Foodary Granville,,,,,-33.830331,151.010920,true,2374,Ampol Foodary Granville,Ampol Foodary,Ampol,"144 Parramatta Rd, Granville NSW 2142",144 Parramatta Rd,Granville,NSW,2142,-33.830266,151.010762,"E10,P95,P98,U91",4,,257.9,,,275.9,284.9,,259.9,false
matched,31.2,high,Metro Petroleum Lidcombe,,,,,-33.854698,151.046951,true,1490,Metro Fuel Homebush,Metro Fuel,Metro,"134 John Street, Lidcombe NSW 2141",134 John Street,Lidcombe,NSW,2141,-33.854822,151.046648,"E10,P98,PDL,U91",4,,247.9,,,,269.9,317.9,249.9,false
matched,3.4,high,Metro Petroleum Guildford,,,,,-33.863689,151.008879,true,18172,Metro Guildford,Metro Fuel,Metro,"2 Rawson Road, Guildford NSW 2161",2 Rawson Road,Guildford,NSW,2161,-33.863659,151.008872,"DL,E10,P98,U91",4,319.9,247.9,,,,279.9,,249.9,false
matched,15.6,high,EG Ampol,,,,,-33.846225,151.012658,true,503,EG Ampol Granville,EG Ampol,Ampol,"158 Clyde Street (Cnr Redfern St), Granville NSW 2142",158 Clyde Street (Cnr Redfern St),Granville,NSW,2142,-33.846235,151.012490,"E10,P95,P98,PDL",4,,257.9,,,269.9,284.9,325.9,,false
matched,6.9,high,Shell,,,,,-33.853974,151.059296,true,824,Shell Reddy Express Lidcombe,Reddy Express,Shell,"18 Parramatta Road, Lidcombe NSW 2141",18 Parramatta Road,Lidcombe,NSW,2141,-33.853927,151.059248,"DL,E10,P95,P98",4,323.9,257.9,,,275.4,284.9,,,false
matched,12.1,high,7-Eleven,,,,,-33.830140,151.010160,true,230,7-Eleven Granville,7-Eleven,7-Eleven,"154-160 Parramatta Road & Corner Bold Street, Granville NSW 2142",154-160 Parramatta Road & Corner Bold Street,Granville,NSW,2142,-33.830128,151.010030,"E10,P98,PDL,U91",4,,257.9,,,,283.9,323.9,259.9,false
matched,7.2,high,Speedway Granville (Blaxcell St),,,,,-33.857220,151.007060,true,2070,Speedway Granville,Speedway,Speedway,"348 Blaxcell Street, Granville NSW 2142",348 Blaxcell Street,Granville,NSW,2142,-33.857163,151.007097,"DL,E10,P98,PDL,U91",5,322.5,247.5,,,,273.5,326.5,249.5,false
matched,2.2,high,Speedway South Granville (Clyde St),,,,,-33.847445,151.012921,true,8282,Speedway South Granville,Speedway,Speedway,"171 Clyde St, South Granville NSW 2142",171 Clyde St,South Granville,NSW,2142,-33.847465,151.012920,"DL,E10,P98,U91",4,322.5,251.5,,,,275.5,,253.5,false
matched,1.8,high,Akshar Enterprise Pty Ltd T/A Power Fuel,,,,,-33.842544,151.010620,true,2141,Powerfuel,Powerfuel,Powerfuel,"101 Blaxcell St, Granville NSW 2142",101 Blaxcell St,Granville,NSW,2142,-33.842551,151.010602,"DL,E10,P95,U91",4,318.5,247.5,,,266.5,,,249.5,false
matched,47.4,high,Speedway Park Rd,,,,,-33.878987,151.024794,true,20131,Speedway Park Road,Speedway,Speedway,"360 Park Rd, Regents Park NSW 2143",360 Park Rd,Regents Park,NSW,2143,-33.879403,151.024905,"DL,E10,P98,U91",4,324.5,251.5,,,,275.5,,253.5,false
matched,20.9,high,Westside Petroleum,,,,,-33.855092,150.990726,true,18146,Supreme Petroleum Guildford,Supreme Fuel,Supreme Fuel,"210 Guildford Road, Guildford NSW 2161",210 Guildford Road,Guildford,NSW,2161,-33.855179,150.990927,"E10,P95,P98,PDL,U91",5,,247.5,,,266.5,273.5,319.5,249.5,false
gap_google_only,,,Shell,,,,,-33.821058,151.039782,true,,,,,,,,,,,,,,,,,,,,,,
matched,58.5,medium,Shell,,,,,-33.824544,151.037681,true,18342,Shell Parramatta Cvro (Self-Serve),Shell,Shell,"1 Durham St, Rosehill NSW 2142",1 Durham St,Rosehill,NSW,2142,-33.824103,151.037335,DL,1,319.9,,,,,,,,false
matched,3.4,high,Enhance Camellia,,,,,-33.820500,151.035600,true,18652,Enhance Camellia,Enhance,Enhance,"17 Grand Av, Camellia NSW 2142",17 Grand Av,Camellia,NSW,2142,-33.820505,151.035636,DL,1,325.9,,,,,,,,false
gap_google_only,,,Costco Fuel Lidcombe,,,,,-33.848995,151.051015,true,,,,,,,,,,,,,,,,,,,,,,
matched,37.6,high,Budget Petrol,,,,,-33.830657,151.004010,true,1367,Budget Granville,Budget,Budget,"27 Woodville Rd, Granville NSW 2142",27 Woodville Rd,Granville,NSW,2142,-33.830990,151.004080,"E10,P95,P98,PDL,U91",5,,257.9,,,275.9,283.9,323.9,259.9,false
matched,3.7,high,Speedway William Street,,,,,-33.836260,151.011053,true,20528,Speedway William Street,Speedway,Speedway,"2 Blaxcell St, Granville NSW 2142",2 Blaxcell St,Granville,NSW,2142,-33.836256,151.011013,"DL,E10,P98,U91",4,322.5,247.5,,,,273.5,,249.5,false
matched,21.4,high,Ampol Foodary Merrylands,,,,,-33.838212,150.999746,true,16908,Ampol Foodary Merrylands,Ampol Foodary,Ampol,"150 Woodville Rd, Merrylands NSW 2160",150 Woodville Rd,Merrylands,NSW,2160,-33.838025,150.999690,"P95,P98",2,,,,,275.9,284.9,,,false
matched,1.8,high,BP Truckstop,,,,,-33.819403,150.989297,true,1752,BP Mays Hill,BP,BP,"149 Great Western Hwy, Mays Hill NSW 2145",149 Great Western Hwy,Mays Hill,NSW,2145,-33.819412,150.989313,"DL,E10,LPG,P95,P98,PDL",6,323.7,257.7,,109.7,276.7,285.7,325.7,,false
matched,5.8,high,7-Eleven,,,,,-33.835416,150.985298,true,133,7-Eleven Merrylands,7-Eleven,7-Eleven,"295-297 Merrylands Road (Corner Windsor Street), Merrylands NSW 2160",295-297 Merrylands Road (Corner Windsor Street),Merrylands,NSW,2160,-33.835467,150.985311,"E10,P98,PDL,U91",4,,257.9,,,,283.9,323.9,259.9,false
matched,1.8,high,EG Ampol,,,,,-33.834084,150.991743,true,507,EG Ampol Merrylands,EG Ampol,Ampol,"185 Pitt Street, Merrylands NSW 2160",185 Pitt Street,Merrylands,NSW,2160,-33.834068,150.991741,"E10,P95,P98,PDL,U91",5,,257.9,,,275.9,283.9,325.9,259.9,false
matched,12.6,high,EG Ampol Strathfield,,,,,-33.885499,151.093633,true,526,EG Ampol Strathfield,EG Ampol,Ampol,"287 Liverpool Road, Burwood NSW 2134",287 Liverpool Road,Burwood,NSW,2134,-33.885396,151.093689,"E10,P95,P98,PDL,U91",5,,257.9,,,275.9,284.9,329.9,259.9,false
matched,4.7,high,Ampol Foodary Concord,,,,,-33.867857,151.099422,true,2204,Ampol Foodary Concord,Ampol Foodary,Ampol,"87-89 Parramatta Rd, Concord NSW 2137",87-89 Parramatta Rd,Concord,NSW,2137,-33.867895,151.099444,"P95,P98,U91",3,,,,,275.9,284.9,,259.9,false
matched,0.7,high,7-Eleven,,,,,-33.887370,151.074262,true,292,7-Eleven Strathfield South,7-Eleven,7-Eleven,"575-585 Liverpool Road, Strathfield South NSW 2136",575-585 Liverpool Road,Strathfield South,NSW,2136,-33.887371,151.074269,"E10,P95,P98,PDL,U91",5,,257.9,,,274.9,283.9,323.9,259.9,false
matched,10.8,high,Ampol Foodary Strathfield South,,,,,-33.888096,151.074658,true,2305,Ampol Foodary Strathfield South,Ampol Foodary,Ampol,"600 Liverpool Rd, Strathfield South NSW 2136",600 Liverpool Rd,Strathfield South,NSW,2136,-33.888188,151.074621,"E10,P95,P98,PDL,U91",5,,257.9,,,275.9,284.9,327.4,259.9,false
matched,12.6,high,Shell,,,,,-33.870914,151.092328,true,20249,Otr Strathfield,Shell,Shell,"9 Albert Rd, Strathfield NSW 2135",9 Albert Rd,Strathfield,NSW,2135,-33.870803,151.092355,"E10,P95,P98,PDL,U91",5,,257.9,,,277.4,286.9,323.9,259.9,false
matched,4.1,high,Budget Petrol North Strathfield,,,,,-33.859461,151.092751,true,1630,Budget Petrol,Budget,Budget,"143 Concord Rd, North Strathfield NSW 2137",143 Concord Rd,North Strathfield,NSW,2137,-33.859435,151.092720,"DL,E10,LPG,P95,P98,U91",6,329.9,259.7,,119.9,277.7,286.7,,262.7,false
gap_google_only,,,7-Eleven,,,,,-33.873042,151.094341,true,,,,,,,,,,,,,,,,,,,,,,
matched,9.0,high,EG Ampol,,,,,-33.868713,151.101456,true,640,EG Ampol Burwood,EG Ampol,Ampol,"400 Parramatta Road, Burwood NSW 2134",400 Parramatta Road,Burwood,NSW,2134,-33.868681,151.101546,"DL,E10,LPG,P95,P98,PDL,U91",7,323.9,257.9,,127.9,274.9,283.9,325.9,259.9,false
matched,41.3,high,7-Eleven,,,,,-33.869534,151.108183,true,208,7-Eleven Burwood,7-Eleven,7-Eleven,"Cnr Parramatta & Shaftsbury Rds, Burwood NSW 2134",Cnr Parramatta & Shaftsbury Rds,Burwood,NSW,2134,-33.869406,151.108603,"E10,LPG,P95,P98,PDL,U91",6,,257.9,,125.9,274.9,283.9,323.9,259.9,false
matched,6.7,high,Budget Petrol,,,,,-33.888287,151.090479,true,20558,Budget Petrol,Budget,Budget,"365 Liverpool Rd, Strathfield NSW 2135",365 Liverpool Rd,Strathfield,NSW,2135,-33.888277,151.090551,"DL,E10,P95,P98,U91",5,321.9,249.7,,,272.7,281.7,,252.7,false
matched,4.4,high,Ampol Foodary Homebush,,,,,-33.858146,151.068180,true,17269,Ampol Foodary Homebush,Ampol Foodary,Ampol,"334-336 Parramatta Rd, Homebush West NSW 2140",334-336 Parramatta Rd,Homebush West,NSW,2140,-33.858167,151.068139,"E10,PDL,U91",3,,257.9,,,,,329.4,259.9,false
matched,24.1,high,Shell Reddy Express Enfield,,,,,-33.886779,151.070904,true,45,Shell Reddy Express Enfield,Reddy Express,Shell,"630-634 Liverpool Road, Strathfield South NSW 2136",630-634 Liverpool Road,Strathfield South,NSW,2136,-33.886880,151.071135,"E10,P95,P98,U91",4,,257.9,,,277.4,286.9,,259.9,false
matched,3.9,high,BP,,,,,-33.887200,151.097800,true,1206,BP Enfield,BP,BP,"184 Liverpool Road, Enfield NSW 2136",184 Liverpool Road,Enfield,NSW,2136,-33.887232,151.097782,"E10,P98,PDL",3,,249.9,,,,283.9,325.9,,false
matched,8.6,high,BP Concord (Wild Bean Cafe),,,,,-33.867573,151.105387,true,18099,BP Concord,BP,BP,"20 Burwood Road, Concord NSW 2137",20 Burwood Road,Concord,NSW,2137,-33.867541,151.105302,"E10,U91",2,,267.7,,,,,,269.7,false
matched,46.0,high,EG Ampol,,,,,-33.891669,151.057871,true,567,EG Ampol Chullora,EG Ampol,Ampol,"97 Hume Highway, Chullora NSW 2190",97 Hume Highway,Chullora,NSW,2190,-33.891915,151.057470,"E10,P95,P98,PDL",4,,257.9,,,269.9,284.9,325.9,,false
matched,36.6,high,Shell,,,,,-33.869997,151.114730,true,51,Coles Express Five Dock,Coles Express,Ampol,"213-253 Parramatta Rd & Walker St, Five Dock NSW 2046",213-253 Parramatta Rd & Walker St,Five Dock,NSW,2046,-33.870106,151.115104,"E10,P95,P98,PDL,U91",5,,257.9,,,277.4,286.9,323.9,259.9,false
matched,26.0,high,Ampol Foodary Croydon,,,,,-33.888486,151.116010,true,17362,Ampol Foodary Croydon,Ampol Foodary,Ampol,"404-410 Liverpool Rd, Croydon NSW 2132",404-410 Liverpool Rd,Croydon,NSW,2132,-33.888472,151.115729,"E10,P95,P98,U91",4,,257.9,,,275.9,284.9,,259.9,false
gap_google_only,,,EG Ampol Greenacre,,,,,-33.900219,151.065695,true,,,,,,,,,,,,,,,,,,,,,,
matched,23.2,high,Shell Otr Greenacre West,,,,,-33.892136,151.066415,true,20643,Otr Greenacre West,Shell,Shell,"74 Roberts Rd, Greenacre NSW 2190",74 Roberts Rd,Greenacre,NSW,2190,-33.892324,151.066307,"E10,P95,P98,PDL,U91",5,,257.9,,,277.4,286.9,323.9,259.9,false
gap_google_only,,,Shell Reddy Express Roberts Road East,,,,,-33.884189,151.081686,true,,,,,,,,,,,,,,,,,,,,,,
gap_google_only,,,BP Truckstop,,,,,-33.898937,151.055807,true,,,,,,,,,,,,,,,,,,,,,,
matched,11.5,high,Shell,,,,,-33.707260,151.099046,true,63,Shell Reddy Express Hornsby,Reddy Express,Shell,"194-206 Pacific Hwy, Hornsby NSW 2077",194-206 Pacific Hwy,Hornsby,NSW,2077,-33.707200,151.099147,"DL,E10,P95,P98,U91",5,323.9,257.9,,,277.4,286.9,,259.9,false
matched,36.1,high,BP,,,,,-33.702142,151.099637,true,327,BP Hornsby,BP,BP,"Cnr George St And Burdett St, Hornsby NSW 2077",Cnr George St And Burdett St,Hornsby,NSW,2077,-33.702337,151.099325,"P98,PDL,U91",3,,,,,,286.9,326.9,259.9,false
matched,43.7,high,BP Truckstop,,,,,-33.689785,151.106172,true,322,BP Asquith,BP,BP,"Cnr Pacific Highway & Jersey Street, Asquith NSW 2077",Cnr Pacific Highway & Jersey Street,Asquith,NSW,2077,-33.689447,151.106412,"E10,P95,P98,PDL",4,,257.9,,,276.9,285.9,324.9,,false
matched,11.3,high,Metro Petroleum,,,,,-33.691059,151.099545,true,1377,Metro Fuel Hornsby,Metro Fuel,Metro,"275 Pacific Highway, Hornsby NSW 2077",275 Pacific Highway,Hornsby,NSW,2077,-33.690987,151.099631,"E10,P98,PDL,U91",4,,246.9,,,,279.9,319.9,249.9,false
gap_google_only,,,Ampol Foodary Waitara,,,,,-33.710530,151.102449,true,,,,,,,,,,,,,,,,,,,,,,
matched,4.4,high,Ampol Foodary Thornleigh,,,,,-33.726564,151.083651,true,2608,Ampol Foodary Thornleigh,Ampol Foodary,Ampol,"200-202 Pennant Hills Road, Thornleigh NSW 2120",200-202 Pennant Hills Road,Thornleigh,NSW,2120,-33.726600,151.083630,"E10,P95,P98,PDL,U91",5,,257.9,,,275.9,284.9,320.4,259.9,false
matched,8.0,high,7-Eleven,,,,,-33.719792,151.116842,true,296,7-Eleven Wahroonga,7-Eleven,7-Eleven,"1579 Pacific Highway (Corner Redleaf Avenue), Wahroonga NSW 2076",1579 Pacific Highway (Corner Redleaf Avenue),Wahroonga,NSW,2076,-33.719857,151.116805,"E10,P95,P98,PDL,U91",5,,257.9,,,274.9,283.9,323.9,259.9,false
matched,4.1,high,BP,,,,,-33.730936,151.080619,true,362,BP Thornleigh,BP,BP,"Pennant Hills Rd & Parkes St, Thornleigh NSW 2120",Pennant Hills Rd & Parkes St,Thornleigh,NSW,2120,-33.730900,151.080610,"P95,P98,PDL,U91",4,,,,,277.9,286.9,323.9,259.9,false
matched,9.2,high,Shell,,,,,-33.724963,151.085077,true,591,Shell Reddy Express Thornleigh,Reddy Express,Shell,"188-190 Pennant Hills Rd, Thornleigh NSW 2120",188-190 Pennant Hills Rd,Thornleigh,NSW,2120,-33.725031,151.085021,"E10,P95,P98,U91",4,,257.9,,,277.4,286.9,,259.9,false
matched,22.8,high,Ampol Hornsby Heights Petrol Station,,,,,-33.676673,151.098283,true,1306,Ampol Hornsby Heights,Ampol,Ampol,"110 Galston Rd., Hornsby Heights NSW 2077",110 Galston Rd.,Hornsby Heights,NSW,2077,-33.676494,151.098403,"P95,P98,PDL,U91",4,,,,,276.9,285.9,324.9,257.9,false
matched,5.0,high,Ampol Foodary Chatswood,,,,,-33.803759,151.179011,true,942,Ampol Foodary Chatswood,Ampol Foodary,Ampol,"572 Pacific Hwy, Chatswood NSW 2067",572 Pacific Hwy,Chatswood,NSW,2067,-33.803715,151.179001,"P95,P98,PDL,U91",4,,,,,275.9,284.9,330.4,259.9,false
matched,13.0,high,Shell,,,,,-33.791828,151.180516,true,34,Shell Reddy Express Chatswood,Reddy Express,Shell,"877-879 Pacific Hwy, Chatswood NSW 2067",877-879 Pacific Hwy,Chatswood,NSW,2067,-33.791717,151.180472,"DL,E10,P95,P98,U91",5,323.9,257.9,,,277.4,286.9,,259.9,false
matched,8.0,high,EG Ampol Chatswood East,,,,,-33.786599,151.201014,true,660,EG Ampol Chatswood East,EG Ampol,Ampol,"364-366 Eastern Valley Way, Chatswood East NSW 2067",364-366 Eastern Valley Way,Chatswood East,NSW,2067,-33.786662,151.201055,"E10,P95,P98,PDL,U91",5,,257.9,,,275.9,284.9,325.9,259.9,false
matched,6.0,high,Metro Petroleum Haberfield,,,,,-33.883613,151.134485,true,20242,Metro Petroleum (Haberfield),Metro Fuel,Metro,"163-165 Parramatta Rd, Haberfield NSW 2045",163-165 Parramatta Rd,Haberfield,NSW,2045,-33.883649,151.134534,"P98,PDL,U91",3,,,,,,265.9,309.9,247.5,false
matched,17.6,high,Speedway Haberfield,,,,,-33.875045,151.128760,true,2026,Speedway Haberfield,Speedway,Speedway,"273 Parramatta Rd, Haberfield NSW 2045",273 Parramatta Rd,Haberfield,NSW,2045,-33.875166,151.128637,"DL,E10,LPG,P98,PDL,U91",6,315.7,247.7,,119.9,,269.7,317.7,249.7,false
matched,10.3,high,7-Eleven,,,,,-33.888000,151.142824,true,221,7-Eleven Haberfield,7-Eleven,7-Eleven,"25 Parramatta Road, Haberfield NSW 2045",25 Parramatta Road,Haberfield,NSW,2045,-33.887908,151.142813,"LPG,P95,P98",3,,,,109.9,274.9,283.9,,,false
matched,14.7,high,BP,,,,,-33.881700,151.140100,true,2240,BP Haberfield,BP,BP,"95-97 Ramsay St, Haberfield NSW 2045",95-97 Ramsay St,Haberfield,NSW,2045,-33.881623,151.140229,"E10,P98,PDL,U91",4,,259.9,,,,289.9,329.9,262.9,false
matched,3.7,high,BP,,,,,-33.873896,151.126845,true,345,BP Ashfield,BP,BP,"580-586 Parramatta Road, Croydon NSW 2132",580-586 Parramatta Road,Croydon,NSW,2132,-33.873880,151.126880,"P95,P98,PDL",3,,,,,265.9,274.9,323.9,,false
matched,17.5,high,BP Truckstop,,,,,-33.892339,151.143105,true,1518,BP Summer Hill,BP,BP,"3 Carlton Cres, Summer Hill NSW 2130",3 Carlton Cres,Summer Hill,NSW,2130,-33.892492,151.143151,"E10,P95,P98,PDL,U91",5,,257.9,,,271.9,283.9,325.9,259.9,false
gap_google_only,,,Ampol Foodary Five Dock,,,,,-33.870088,151.130434,true,,,,,,,,,,,,,,,,,,,,,,
matched,7.6,high,EG Ampol,,,,,-33.890257,151.147936,true,600,EG Ampol Lewisham,EG Ampol,Ampol,"774 Parramatta Road, Lewisham NSW 2049",774 Parramatta Road,Lewisham,NSW,2049,-33.890314,151.147982,"E10,P95,P98,PDL,U91",5,,257.9,,,274.9,283.9,325.9,259.9,false
matched,13.2,high,7-Eleven,,,,,-33.864871,151.129946,true,17146,7-Eleven Five Dock,7-Eleven,7-Eleven,"231-235 Great North Road, Five Dock NSW 2046",231-235 Great North Road,Five Dock,NSW,2046,-33.864910,151.130081,"E10,P95,P98,PDL,U91",5,,257.9,,,274.9,283.9,323.9,259.9,false
matched,6.3,high,Budget Petrol - Lewisham,,,,,-33.897049,151.149062,true,17806,Budget Petrol Lewisham,Budget,Budget,"204-208 New Canterbury Rd, Lewisham NSW 2049",204-208 New Canterbury Rd,Lewisham,NSW,2049,-33.897098,151.149028,"E10,E85,LPG,P95,P98,PDL,U91",7,,249.7,475.0,99.7,266.7,273.7,321.7,252.7,true
matched,5.1,high,Metro Petroleum Leichhardt,,,,,-33.883907,151.150741,true,18670,Metro Petroleum Leichhardt,Metro Fuel,Metro,"127-129 Marion St, Leichhardt NSW 2040",127-129 Marion St,Leichhardt,NSW,2040,-33.883940,151.150779,"DL,E10,P98,PDL,U91",5,323.8,257.5,,,,288.9,323.8,259.4,false
matched,6.3,high,7-Eleven,,,,,-33.890543,151.129606,true,190,7-Eleven Ashfield,7-Eleven,7-Eleven,"132 Liverpool Rd, Ashfield NSW 2131",132 Liverpool Rd,Ashfield,NSW,2131,-33.890578,151.129552,"E10,LPG,P98,PDL",4,,257.9,,104.9,,283.9,323.9,,false
matched,4.6,high,Shell,,,,,-33.888433,151.164328,true,558,Shell Reddy Express Stanmore,Reddy Express,Shell,"308-310 Parramatta Road, Stanmore NSW 2048",308-310 Parramatta Road,Stanmore,NSW,2048,-33.888444,151.164376,"DL,E10,P95,P98,U91",5,323.9,257.9,,,277.4,286.9,,259.9,false
matched,50.5,medium,BP,,,,,-33.865300,151.171600,true,356,BP Rozelle,BP,BP,"Cnr Victoria Rd & Evans St, Rozelle NSW 2039",Cnr Victoria Rd & Evans St,Rozelle,NSW,2039,-33.865443,151.172119,"P95,P98,PDL,U91",4,,,,,275.9,284.9,325.9,259.9,false
matched,31.5,high,Budget Petrol,,,,,-33.886473,151.125663,true,18000,Budget Petrol Ashfield,Budget,Budget,"22 Charlotte Street, Ashfield NSW 2131",22 Charlotte Street,Ashfield,NSW,2131,-33.886478,151.125322,"E10,P95,PDL,U91",4,,254.9,,,278.9,,319.9,259.9,false
matched,0.9,high,U-Go Rozelle,,,,,-33.862544,151.168478,true,2605,U-Go Rozelle (Self - Serve),U-Go,U-Go,"121 Victoria Rd, Rozelle NSW 2039",121 Victoria Rd,Rozelle,NSW,2039,-33.862552,151.168475,"E10,P95,P98,PDL,U91",5,,244.9,,,259.9,269.5,318.9,246.5,false
matched,7.6,high,Prime Petrol Petersham,,,,,-33.888641,151.158637,true,20108,Prime Petersham,Prime,Prime,"8 Crystal St, Petersham NSW 2049",8 Crystal St,Petersham,NSW,2049,-33.888684,151.158573,"DL,E10,P98,U91",4,323.9,257.9,,,,283.9,,259.9,false
matched,11.4,high,Budget Petrol,,,,,-33.890511,151.158635,true,1311,Budget Petrol,Budget,Budget,"37 Crystal St., Petersham NSW 2049",37 Crystal St.,Petersham,NSW,2049,-33.890509,151.158759,"E10,P95,P98,PDL,U91",5,,257.9,,,274.9,283.9,323.9,259.9,false
matched,2.6,high,7-Eleven,,,,,-33.897640,151.099796,true,215,7-Eleven Croydon Park,7-Eleven,7-Eleven,"342 Georges River Road & Burwood Road, Croydon Park NSW 2133",342 Georges River Road & Burwood Road,Croydon Park,NSW,2133,-33.897617,151.099796,"E10,P95,P98,PDL,U91",5,,257.9,,,274.9,283.9,323.9,259.9,false
matched,44.9,high,7-Eleven,,,,,-33.863009,151.168600,true,283,7-Eleven Rozelle,7-Eleven,7-Eleven,"178-184 Victoria Road (Corner Moodie Street), Rozelle NSW 2039",178-184 Victoria Road (Corner Moodie Street),Rozelle,NSW,2039,-33.862904,151.168131,"E10,P95,P98,PDL,U91",5,,257.9,,,274.9,283.9,323.9,259.9,false
gap_google_only,,,7-Eleven,,,,,-33.895603,151.125581,true,,,,,,,,,,,,,,,,,,,,,,
gap_google_only,,,7-Eleven,,,,,-33.897640,151.155600,true,,,,,,,,,,,,,,,,,,,,,,
matched,17.0,high,Shell Otr Willoughby,,,,,-33.806007,151.198676,true,20594,Otr Willoughby,Shell,Shell,"616-626 Willoughby Rd, Willoughby NSW 2068",616-626 Willoughby Rd,Willoughby,NSW,2068,-33.805911,151.198819,"E10,P95,P98,PDL,U91",5,,257.9,,,277.4,286.9,323.9,259.9,false
matched,6.0,high,BP,,,,,-33.810300,151.199300,true,1785,BP Willoughby,BP,BP,"500 Willoughby Rd, Willoughby NSW 2068",500 Willoughby Rd,Willoughby,NSW,2068,-33.810257,151.199340,"E10,P98,PDL,U91",4,,259.9,,,,286.9,329.9,261.9,false
matched,0.0,high,Metro Petroleum Willoughby,,,,,-33.803882,151.199745,true,17232,Metro Willoughby,Metro Fuel,Metro,"599 Willoughby Rd, Willoughby NSW 2068",599 Willoughby Rd,Willoughby,NSW,2068,-33.803882,151.199745,"E10,P98,PDL",3,,255.9,,,,282.9,319.9,,false
matched,5.7,high,BP,,,,,-33.793840,151.195948,true,20201,BP Willoughby,BP,BP,"316 Penshurst St, North Willoughby NSW 2068",316 Penshurst St,North Willoughby,NSW,2068,-33.793815,151.195894,"E10,P95,P98,PDL",4,,257.9,,,275.9,284.9,329.9,,false
matched,6.4,high,BP,,,,,-33.797888,151.198180,true,1152,BP North Willoughby,BP,BP,"157 Penshurst Street, Willoughby NSW 2068",157 Penshurst Street,Willoughby,NSW,2068,-33.797944,151.198197,"E10,P95,P98,PDL",4,,257.9,,,276.9,286.9,323.9,,false
matched,7.9,high,BP,,,,,-33.819985,151.201087,true,301,BP Naremburn,BP,BP,"169 Willoughby Road, Naremburn NSW 2065",169 Willoughby Road,Naremburn,NSW,2065,-33.820024,151.201159,"P95,P98,PDL",3,,,,,275.9,284.9,325.9,,false
matched,10.7,high,BP,,,,,-33.811011,151.164200,true,1795,BP Lane Cove,BP,BP,"62-70 Epping Rd, Lane Cove NSW 2066",62-70 Epping Rd,Lane Cove,NSW,2066,-33.811106,151.164217,"E10,LPG,P98,PDL,U91",5,,257.9,,102.9,,284.9,329.9,259.9,false
matched,12.0,high,Shell,,,,,-33.817209,151.151748,true,18514,Shell Lane Cove,Shell,Shell,"254 Burns Bay Rd, Lane Cove NSW 2066",254 Burns Bay Rd,Lane Cove,NSW,2066,-33.817191,151.151876,"P95,P98,PDL,U91",4,,,,,277.4,286.9,325.9,259.9,false
matched,4.7,high,Metro Petroleum Lane Cove,,,,,-33.806004,151.166305,true,1089,Metro Lane Cove North,Metro Fuel,Metro,"533 Mowbray Rd West, Lane Cove North NSW 2066",533 Mowbray Rd West,Lane Cove North,NSW,2066,-33.805971,151.166274,"DL,E10,P98,PDL,U91",5,325.7,257.4,,,,289.7,325.7,259.4,false
matched,7.6,high,BP,,,,,-33.811409,151.175563,true,344,BP Artarmon,BP,BP,"422 Pacific Hwy, Artarmon NSW 2064",422 Pacific Hwy,Artarmon,NSW,2064,-33.811441,151.175636,"E10,P95,P98,PDL",4,,257.9,,,274.9,283.9,327.9,,false
matched,4.4,high,Caltex Lane Cove,,,,,-33.814617,151.154311,true,18609,Jack & Co Lane Cove,Independent,Independent,"203 Burns Bay Rd, Lane Cove NSW 2066",203 Burns Bay Rd,Lane Cove,NSW,2066,-33.814598,151.154353,"E10,P98,PDL,U91",4,,257.5,,,,288.5,324.5,259.5,false
matched,8.2,high,Shell,,,,,-33.814041,151.176869,true,635,Shell Reddy Express Lane Cove,Reddy Express,Shell,"378 Pacific Hwy (Cnr Allison Ave), Lane Cove NSW 2066",378 Pacific Hwy (Cnr Allison Ave),Lane Cove,NSW,2066,-33.814080,151.176944,"E10,P95,P98",3,,257.9,,,275.4,284.9,,,false
matched,4.7,high,7-Eleven,,,,,-33.810553,151.177395,true,74,7-Eleven Artarmon,7-Eleven,7-Eleven,"477 Pacific Highway, Artarmon NSW 2064",477 Pacific Highway,Artarmon,NSW,2064,-33.810521,151.177429,"E10,LPG,P95,P98,PDL,U91",6,,257.9,,109.9,274.9,283.9,323.9,259.9,false
matched,13.7,high,BP,,,,,-33.824461,151.172672,true,20150,Jack & Co Northwood,BP,BP,"7 Northwood Rd, Longueville NSW 2066",7 Northwood Rd,Longueville,NSW,2066,-33.824553,151.172574,"E10,P95,P98,PDL",4,,257.5,,,277.5,287.5,324.5,,false
matched,0.0,high,Ampol Foodary Crows Nest,,,,,-33.828680,151.206030,true,18249,Ampol Foodary Crows Nest,Ampol Foodary,Ampol,"111-121 Falcon Street, Crows Nest NSW 2065",111-121 Falcon Street,Crows Nest,NSW,2065,-33.828680,151.206030,"E10,PDL,U91",3,,257.9,,,,,329.4,259.9,false
matched,31.9,high,7-Eleven,,,,,-33.787697,151.179732,true,278,7-Eleven Roseville,7-Eleven,7-Eleven,"Corner Pacific Highway And Boundary Street, Roseville NSW 2069",Corner Pacific Highway And Boundary Street,Roseville,NSW,2069,-33.787420,151.179820,"E10,LPG,P98,PDL,U91",5,,257.9,,109.9,,283.9,323.9,259.9,false
matched,21.8,high,Ampol Foodary Neutral Bay,,,,,-33.829131,151.216528,true,787,Ampol Foodary Neutral Bay,Ampol Foodary,Ampol,"16-38 Military Rd, Neutral Bay NSW 2089",16-38 Military Rd,Neutral Bay,NSW,2089,-33.829080,151.216300,"E10,P95,P98,PDL,U91",5,,257.9,,,275.9,284.9,328.4,259.9,false
matched,15.3,high,7-Eleven,,,,,-33.778887,151.169068,true,250,7-Eleven Lindfield,7-Eleven,7-Eleven,"238 Pacific Highway, Lindfield NSW 2070",238 Pacific Highway,Lindfield,NSW,2070,-33.778889,151.168902,"E10,P98,PDL,U91",4,,257.9,,,,283.9,323.9,259.9,false
gap_google_only,,,7-Eleven,,,,,-33.797004,151.180240,true,,,,,,,,,,,,,,,,,,,,,,
matched,0.0,high,Speedway Roseville,,,,,-33.778021,151.194555,true,18422,Speedway Roseville,Speedway,Speedway,"20-22 Babbage Rd, Roseville NSW 2069",20-22 Babbage Rd,Roseville,NSW,2069,-33.778021,151.194555,"E10,P98,PDL,U91",4,,252.5,,,,280.5,322.5,254.5,false
matched,26.0,high,7-Eleven,,,,,-33.771346,151.160800,true,240,7-Eleven Killara,7-Eleven,7-Eleven,"494 Pacific Hwy, Killara NSW 2071",494 Pacific Hwy,Killara,NSW,2071,-33.771365,151.161080,"E10,P95,P98,PDL,U91",5,,257.9,,,274.9,283.9,323.9,259.9,false
matched,23.0,high,7-Eleven,,,,,-33.847038,151.151519,true,145,7-Eleven Drummoyne,7-Eleven,7-Eleven,"271A Victoria Road, Drummoyne NSW 2047",271A Victoria Road,Drummoyne,NSW,2047,-33.847230,151.151612,"E10,P98,PDL,U91",4,,257.9,,,,283.9,323.9,259.9,false
matched,7.8,high,Shell,,,,,-33.855806,151.159369,true,69,Shell Reddy Express Drummoyne,Reddy Express,Shell,"38-46 Victoria Rd, Drummoyne NSW 2047",38-46 Victoria Rd,Drummoyne,NSW,2047,-33.855759,151.159307,"DL,E10,P95,P98,U91",5,323.9,257.9,,,277.4,286.9,,259.9,false
matched,8.5,high,Shell Reddy Express Drummoyne South,,,,,-33.855991,151.158871,true,813,Shell Reddy Express Drummoyne,Reddy Express,Shell,"39- 51 Victoria Rd, Drummoyne NSW 2047",39- 51 Victoria Rd,Drummoyne,NSW,2047,-33.856044,151.158938,"E10,P98",2,,257.9,,,,286.9,,,false
matched,13.7,high,Metro Petroleum Croydon Park,,,,,-33.896803,151.103217,true,18616,Metro Fuel Croydon Park,Metro Fuel,Metro,"274 Georges River Rd, Croydon Park NSW 2133",274 Georges River Rd,Croydon Park,NSW,2133,-33.896926,151.103217,"E10,LPG,P98,PDL,U91",5,,249.9,,89.9,,279.9,319.9,254.9,false
matched,2.0,high,Barista Bar Metro Croydon Park,,,,,-33.896428,151.105298,true,20218,Metro Barista Bar Croydon Park,Metro Fuel,Metro,"236-240 Georges River Rd, Croydon Park NSW 2133",236-240 Georges River Rd,Croydon Park,NSW,2133,-33.896412,151.105288,"E10,P98,PDL,U91",4,,249.9,,,,279.9,319.9,254.9,false
matched,10.9,high,7-Eleven,,,,,-33.894326,151.111544,true,146,7-Eleven Croydon Park,7-Eleven,7-Eleven,"45 Georges River Road, Croydon Park NSW 2133",45 Georges River Road,Croydon Park,NSW,2133,-33.894381,151.111446,"E10,P95,P98,U91",4,,257.9,,,274.9,283.9,,259.9,false
matched,24.2,high,Shell Urbanista,,,,,-33.887984,151.115229,true,18584,Shell Croydon,Shell,Shell,"418-424 Liverpool Rd, Croydon NSW 2132",418-424 Liverpool Rd,Croydon,NSW,2132,-33.888152,151.115062,"E10,P98,PDL,U91",4,,239.9,,,,259.9,314.9,241.9,false
gap_google_only,,,Metro Petroleum Hurlstone Park,,,,,-33.907706,151.125401,true,,,,,,,,,,,,,,,,,,,,,,
matched,9.1,high,Shell,,,,,-33.739296,151.067896,true,20630,Otr Pennant Hills West,Shell,Shell,"386 Pennant Hills Rd, Pennant Hills NSW 2120",386 Pennant Hills Rd,Pennant Hills,NSW,2120,-33.739229,151.067952,"E10,P95,P98,PDL,U91",5,,257.9,,,277.4,286.9,323.9,259.9,false
matched,11.4,high,Shell,,,,,-33.738672,151.073777,true,20559,Otr Pennant Hills East,Shell,Shell,"369 Pennant Hills Rd, Pennant Hills NSW 2120",369 Pennant Hills Rd,Pennant Hills,NSW,2120,-33.738773,151.073757,"E10,P95,P98,PDL,U91",5,,257.9,,,277.4,286.9,323.9,259.9,false
matched,3.2,high,7-Eleven,,,,,-33.746848,151.050780,true,211,7-Eleven West Pennant Hills,7-Eleven,7-Eleven,"552 Pennant Hills Road, West Pennant Hills NSW 2125",552 Pennant Hills Road,West Pennant Hills,NSW,2125,-33.746870,151.050803,"E10,LPG,P98,U91",4,,257.9,,125.9,,283.9,,259.9,false
matched,0.0,high,Metro Petroleum Thornleigh,,,,,-33.724925,151.088261,true,19642,Metro Petroleum Thornleigh,Metro Fuel,Metro,"169-171 Pennant Hills Rd, Thornleigh NSW 2120",169-171 Pennant Hills Rd,Thornleigh,NSW,2120,-33.724925,151.088261,"DL,E10,P98,PDL,U91",5,315.9,241.9,,,,279.9,315.9,249.9,false
matched,14.9,high,BP,,,,,-33.724500,151.090100,true,1465,BP Normanhurst,BP,BP,"155 Pennant Hills Rd, Normanhurst NSW 2076",155 Pennant Hills Rd,Normanhurst,NSW,2076,-33.724599,151.089992,"P95,P98,PDL,U91",4,,,,,278.9,287.9,332.9,262.9,false
matched,50.2,medium,Ampol Foodary Old Guildford,,,,,-33.866913,150.987916,true,17236,Ampol Foodary Guildford,Ampol Foodary,Ampol,"636-644 Woodville Rd, Old Guildford NSW 2161",636-644 Woodville Rd,Old Guildford,NSW,2161,-33.866504,150.988145,P98,1,,,,,,284.9,,,false
matched,3.0,high,BP,,,,,-33.854383,150.988865,true,2221,BP Guildford,BP,BP,"257 Guildford Rd, Guildford NSW 2161",257 Guildford Rd,Guildford,NSW,2161,-33.854370,150.988836,"DL,E10,P98,PDL,U91",5,319.5,254.5,,,,280.5,321.5,256.5,false
matched,11.7,high,7-Eleven,,,,,-33.848063,150.996930,true,306,7-Eleven Guildford,7-Eleven,7-Eleven,"272-278 Woodville Road, Guildford NSW 2161",272-278 Woodville Road,Guildford,NSW,2161,-33.848168,150.996937,"E10,P95,P98,PDL,U91",5,,257.9,,,274.9,283.9,323.9,259.9,false
matched,7.7,high,EG Ampol,,,,,-33.866636,150.988696,true,582,EG Ampol Chester Hill,EG Ampol,Ampol,"35 Woodville Road (Cnr Alpha), Chester Hill NSW 2162",35 Woodville Road (Cnr Alpha),Chester Hill,NSW,2162,-33.866702,150.988670,"E10,P95,P98,PDL,U91",5,,257.9,,,275.9,284.9,326.9,259.9,false
matched,9.3,high,EG Ampol Turramurra,,,,,-33.733180,151.131219,true,663,EG Ampol Turramurra,EG Ampol,Ampol,"1233 Pacific Highway, Turramurra NSW 2074",1233 Pacific Highway,Turramurra,NSW,2074,-33.733160,151.131317,"E10,P95,P98,PDL,U91",5,,257.9,,,274.9,283.9,325.9,259.9,false
matched,13.5,high,7-Eleven,,,,,-33.733085,151.126370,true,295,7-Eleven Turramurra,7-Eleven,7-Eleven,"1408 Pacific Highway (Corner Duff Street), Turramurra NSW 2074",1408 Pacific Highway (Corner Duff Street),Turramurra,NSW,2074,-33.733062,151.126513,"E10,LPG,P95,P98,PDL,U91",6,,257.9,,108.9,274.9,283.9,323.9,259.9,false
matched,34.4,high,BP,,,,,-33.748462,151.112101,true,1412,BP Turramurra,BP,BP,"213 Kissing Point Rd, Turramurra NSW 2074",213 Kissing Point Rd,Turramurra,NSW,2074,-33.748363,151.112454,"E10,P98,PDL,U91",4,,257.9,,,,283.9,323.9,259.9,false
matched,24.6,high,Bobbin Head Petrol Station,,,,,-33.709022,151.148109,true,18009,Bobbin Head Petrol Station,Independent,Independent,"313 Bobbin Head Road, North Turramurra NSW 2074",313 Bobbin Head Road,North Turramurra,NSW,2074,-33.708847,151.148271,"DL,E10,P98,U91",4,325.9,257.9,,,,285.9,,259.9,false
matched,6.0,high,Ampol Foodary St Ives,,,,,-33.730776,151.157011,true,18253,Ampol Foodary St Ives,Ampol Foodary,Ampol,"164 Mona Vale Road, St Ives NSW 2075",164 Mona Vale Road,St Ives,NSW,2075,-33.730732,151.157048,"PDL,U91",2,,,,,,,329.4,259.9,false
matched,8.3,high,7-Eleven,,,,,-33.732592,151.156270,true,288,7-Eleven St Ives,7-Eleven,7-Eleven,"157-159 Mona Vale Rd, St Ives NSW 2075",157-159 Mona Vale Rd,St Ives,NSW,2075,-33.732665,151.156286,"E10,LPG,P95,P98,PDL,U91",6,,257.9,,125.9,274.9,283.9,323.9,259.9,false
matched,1.0,high,BP,,,,,-33.740561,151.137918,true,403,BP Pymble,BP,BP,"Cnr Pacific Hwy & Bannockburn Rd, Pymble NSW 2073",Cnr Pacific Hwy & Bannockburn Rd,Pymble,NSW,2073,-33.740569,151.137913,"E10,P95,P98,PDL",4,,257.9,,,273.9,282.9,325.9,,false
matched,5.7,high,Metro Petroleum Greenacre,,,,,-33.896447,151.059304,true,18706,Metro Greenacre,Metro Fuel,Metro,"1 David St, Greenacre NSW 2190",1 David St,Greenacre,NSW,2190,-33.896403,151.059272,"DL,P95,P98,PDL,U91",5,315.9,,,,257.9,267.9,315.9,243.9,false
gap_google_only,,,Temco Petroleum,,,,,-33.906242,151.057076,true,,,,,,,,,,,,,,,,,,,,,,
gap_google_only,,,Ampol Foodary Greenacre,,,,,-33.904723,151.064588,true,,,,,,,,,,,,,,,,,,,,,,
gap_google_only,,,7-Eleven,,,,,-33.905108,151.041897,true,,,,,,,,,,,,,,,,,,,,,,
matched,18.3,high,Shell,,,,,-33.894510,151.066697,true,369,Coles Express Greenacre,Coles Express,Ampol,"9-11 Roberts Road, Greenacre NSW 2190",9-11 Roberts Road,Greenacre,NSW,2190,-33.894346,151.066705,"DL,E10,P95,P98,U91",5,323.9,257.9,,,277.4,286.9,,259.9,false
matched,14.6,high,Metro Petroleum Castle Cove,,,,,-33.784854,151.200886,true,1243,Metro Castle Cove,Metro Fuel,Metro,"327 Eastern Valley Way, Castle Cove NSW 2069",327 Eastern Valley Way,Castle Cove,NSW,2069,-33.784861,151.201044,"P95,P98,PDL,U91",4,,,,,265.9,276.9,319.9,255.9,false
matched,0.0,high,Speedway Cammeray,,,,,-33.828713,151.208810,true,2714,Speedway Cammeray,Speedway,Speedway,"330 Miller St, Cammeray NSW 2062",330 Miller St,Cammeray,NSW,2062,-33.828713,151.208810,"DL,P98,U91",3,324.9,,,,,286.9,,261.9,false
matched,38.0,high,Shell,,,,,-33.821427,151.210756,true,657,Shell Reddy Express Cammeray,Reddy Express,Shell,"477-483 Miller St & Palmer St, Cammeray NSW 2062",477-483 Miller St & Palmer St,Cammeray,NSW,2062,-33.821107,151.210613,"DL,E10,P95,P98",4,323.9,257.9,,,275.4,284.9,,,false
matched,11.6,high,BP,,,,,-33.821169,151.233322,true,373,BP Mosman (9542),BP,BP,"175 Ourimbah Road, Mosman NSW 2088",175 Ourimbah Road,Mosman,NSW,2088,-33.821068,151.233292,"E10,P98,PDL,U91",4,,257.9,,,,282.9,323.9,259.9,false
matched,14.5,high,BP,,,,,-33.832119,151.237416,true,300,BP Mosman (0926),BP,BP,"Cnr Avenue & Cowles Roads, Mosman NSW 2088",Cnr Avenue & Cowles Roads,Mosman,NSW,2088,-33.832039,151.237292,"E10,P95,P98,PDL",4,,257.9,,,273.9,282.9,323.9,,false
matched,0.0,high,BP Silverwater South,"51 Egerton St, Silverwater NSW 2128",51 Egerton St,Silverwater NSW 2128,,-33.836306,151.047890,false,2711,BP Silverwater South,BP,BP,"51 Egerton St, Silverwater NSW 2128",51 Egerton St,Silverwater,NSW,2128,-33.836306,151.047890,"E10,LPG,P98,PDL,U91",5,,257.9,,104.9,,284.9,326.9,259.9,false
matched,0.0,high,7-Eleven Camperdown,"198 Parramatta Rd, Camperdown NSW 2050",198 Parramatta Rd,Camperdown NSW 2050,,-33.886973,151.174134,false,17119,7-Eleven Camperdown,7-Eleven,7-Eleven,"198 Parramatta Rd, Camperdown NSW 2050",198 Parramatta Rd,Camperdown,NSW,2050,-33.886973,151.174134,"E10,P95,P98,U91",4,,257.9,,,274.9,283.9,,259.9,false
matched,0.0,high,U-Go Mount Colah,"603 Pacific Hwy, Mount Colah NSW 2079",603 Pacific Hwy,Mount Colah NSW 2079,,-33.670381,151.115192,false,17297,U-Go Mount Colah,U-Go,U-Go,"603 Pacific Hwy, Mount Colah NSW 2079",603 Pacific Hwy,Mount Colah,NSW,2079,-33.670381,151.115192,"P95,PDL,U91",3,,,,,264.9,,318.9,247.7,false
matched,0.0,high,7-Eleven Enmore,"22 Stanmore Street, Enmore NSW 2042",22 Stanmore Street,Enmore NSW 2042,,-33.898417,151.169933,false,17317,7-Eleven Enmore,7-Eleven,7-Eleven,"22 Stanmore Street, Enmore NSW 2042",22 Stanmore Street,Enmore,NSW,2042,-33.898417,151.169933,"E10,P98,U91",3,,257.9,,,,283.9,,259.9,false
matched,0.0,high,Metro Rozelle,"127 Victoria Rd, Rozelle NSW 2039",127 Victoria Rd,Rozelle NSW 2039,,-33.862044,151.167670,false,18492,Metro Rozelle,Metro Fuel,Metro,"127 Victoria Rd, Rozelle NSW 2039",127 Victoria Rd,Rozelle,NSW,2039,-33.862044,151.167670,"E10,P98,PDL,U91",4,,244.9,,,,269.9,318.9,246.9,false
matched,0.0,high,Shell Reddy Express Guildford,"295 Woodville Rd, Guildford NSW 2161",295 Woodville Rd,Guildford NSW 2161,,-33.850752,150.996951,false,55,Shell Reddy Express Guildford,Reddy Express,Shell,"295 Woodville Rd, Guildford NSW 2161",295 Woodville Rd,Guildford,NSW,2161,-33.850752,150.996951,"E10,P95,P98,U91",4,,257.9,,,277.4,286.9,,259.9,false
matched,0.0,high,7-Eleven Guildford West,"534 Guildford Road West (Corner Fowler Road), Guildford West NSW 2161",534 Guildford Road West (Corner Fowler Road),Guildford West NSW 2161,,-33.851431,150.972137,false,130,7-Eleven Guildford West,7-Eleven,7-Eleven,"534 Guildford Road West (Corner Fowler Road), Guildford West NSW 2161",534 Guildford Road West (Corner Fowler Road),Guildford West,NSW,2161,-33.851431,150.972137,"E10,P95,P98,PDL,U91",5,,257.9,,,274.9,283.9,323.9,259.9,false
matched,0.0,high,BP Camperdown,"Cnr Parramatta & Missenden Roads, Camperdown NSW 2050",Cnr Parramatta & Missenden Roads,Camperdown NSW 2050,,-33.886251,151.179144,false,348,BP Camperdown,BP,BP,"Cnr Parramatta & Missenden Roads, Camperdown NSW 2050",Cnr Parramatta & Missenden Roads,Camperdown,NSW,2050,-33.886251,151.179144,"P95,P98,PDL,U91",4,,,,,275.9,284.9,325.9,259.9,false
matched,0.0,high,Shell Reddy Express Merrylands,"398 Merrylands Rd (Cnr Fowler Rd), Merrylands NSW 2160",398 Merrylands Rd (Cnr Fowler Rd),Merrylands NSW 2160,,-33.834269,150.977397,false,380,Shell Reddy Express Merrylands,Reddy Express,Shell,"398 Merrylands Rd (Cnr Fowler Rd), Merrylands NSW 2160",398 Merrylands Rd (Cnr Fowler Rd),Merrylands,NSW,2160,-33.834269,150.977397,"E10,P95,P98,U91",4,,257.9,,,277.4,286.9,,259.9,false
matched,0.0,high,BP Potts Hill T/S,"155-157 Rockwood Road, Yagoona NSW 2199",155-157 Rockwood Road,Yagoona NSW 2199,,-33.893297,151.039079,false,401,BP Potts Hill T/S,BP,BP,"155-157 Rockwood Road, Yagoona NSW 2199",155-157 Rockwood Road,Yagoona,NSW,2199,-33.893297,151.039079,"DL,E10,P95,P98,PDL",5,323.9,257.9,,,275.9,284.9,326.9,,false
matched,0.0,high,Shell Reddy Express Pymble,"21 Ryde Rd, Pymble NSW 2073",21 Ryde Rd,Pymble NSW 2073,,-33.751974,151.143905,false,513,Shell Reddy Express Pymble,Reddy Express,Shell,"21 Ryde Rd, Pymble NSW 2073",21 Ryde Rd,Pymble,NSW,2073,-33.751974,151.143905,"DL,E10,P95,P98,U91",5,323.9,257.9,,,277.4,286.9,,259.9,false
matched,0.0,high,Shell Reddy Express Wahroonga,"1601 Pacific Hwy & Coonanbarra Rd, Wahroonga NSW 2076",1601 Pacific Hwy & Coonanbarra Rd,Wahroonga NSW 2076,,-33.719557,151.115880,false,602,Shell Reddy Express Wahroonga,Reddy Express,Shell,"1601 Pacific Hwy & Coonanbarra Rd, Wahroonga NSW 2076",1601 Pacific Hwy & Coonanbarra Rd,Wahroonga,NSW,2076,-33.719557,151.115880,"E10,P95,P98,PDL,U91",5,,257.9,,,277.4,286.9,327.9,259.9,false
matched,0.0,high,Shell Reddy Express St Ives,"179-181 Mona Vale Rd, St Ives NSW 2075",179-181 Mona Vale Rd,St Ives NSW 2075,,-33.731206,151.157571,false,613,Shell Reddy Express St Ives,Reddy Express,Shell,"179-181 Mona Vale Rd, St Ives NSW 2075",179-181 Mona Vale Rd,St Ives,NSW,2075,-33.731206,151.157571,"DL,E10,P95,P98,PDL,U91",6,323.9,257.9,,,277.4,286.9,327.9,259.9,false
matched,0.0,high,Shell Reddy Express Annandale,"124-126 Johnston Street, Annandale NSW 2038",124-126 Johnston Street,Annandale NSW 2038,,-33.880918,151.170629,false,802,Shell Reddy Express Annandale,Reddy Express,Shell,"124-126 Johnston Street, Annandale NSW 2038",124-126 Johnston Street,Annandale,NSW,2038,-33.880918,151.170629,"E10,P95,P98",3,,257.9,,,275.4,284.9,,,false
matched,0.0,high,Speedway Westmead,"67-69 Hawkesbury Rd, Westmead NSW 2145",67-69 Hawkesbury Rd,Westmead NSW 2145,,-33.813346,150.985710,false,1175,Speedway Westmead,Speedway,Speedway,"67-69 Hawkesbury Rd, Westmead NSW 2145",67-69 Hawkesbury Rd,Westmead,NSW,2145,-33.813346,150.985710,"DL,E10,P98,U91",4,322.5,251.5,,,,275.5,,253.5,false
matched,0.0,high,Speedway Regents Park,"27-29 Amy Steet, Regents Park NSW 2143",27-29 Amy Steet,Regents Park NSW 2143,,-33.883705,151.026875,false,1334,Speedway Regents Park,Speedway,Speedway,"27-29 Amy Steet, Regents Park NSW 2143",27-29 Amy Steet,Regents Park,NSW,2143,-33.883705,151.026875,"DL,E10,P98,U91",4,322.9,252.9,,,,279.9,,254.9,false
matched,0.0,high,Budget Erskineville,"25-33 Erskineville Road, Erskineville NSW 2043",25-33 Erskineville Road,Erskineville NSW 2043,,-33.898772,151.182321,false,1344,Budget Erskineville,Budget,Budget,"25-33 Erskineville Road, Erskineville NSW 2043",25-33 Erskineville Road,Erskineville,NSW,2043,-33.898772,151.182321,"E10,P98,PDL,U91",4,,249.9,,,,271.9,319.9,253.9,false
matched,0.0,high,BP Merrylands West,"65 Kenyons Road, Merrylands West NSW 2160",65 Kenyons Road,Merrylands West NSW 2160,,-33.836829,150.968399,false,1590,BP Merrylands West,BP,BP,"65 Kenyons Road, Merrylands West NSW 2160",65 Kenyons Road,Merrylands West,NSW,2160,-33.836829,150.968399,"E10,P95,P98,PDL",4,,257.9,,,276.9,286.9,325.9,,false
matched,0.0,high,Metro Fuel Alexandria,"36 Henderson Road, Alexandria NSW 2015",36 Henderson Road,Alexandria NSW 2015,,-33.897447,151.197261,false,1660,Metro Fuel Alexandria,Metro Fuel,Metro,"36 Henderson Road, Alexandria NSW 2015",36 Henderson Road,Alexandria,NSW,2015,-33.897447,151.197261,"E10,P98,PDL,U91",4,,249.9,,,,279.9,319.9,255.9,false
matched,0.0,high,Tanwar Petroleum,"281 New Canterbury Rd, Lewisham NSW 2049",281 New Canterbury Rd,Lewisham NSW 2049,,-33.898544,151.145666,false,1778,Tanwar Petroleum,Independent,Independent,"281 New Canterbury Rd, Lewisham NSW 2049",281 New Canterbury Rd,Lewisham,NSW,2049,-33.898544,151.145666,"DL,E10,P95,P98,U91",5,317.6,249.6,,,266.6,289.6,,255.6,false
matched,0.0,high,Speedway Villawood,"45 Fairfield St, Villawood NSW 2163",45 Fairfield St,Villawood NSW 2163,,-33.869642,150.980674,false,1828,Speedway Villawood,Speedway,Speedway,"45 Fairfield St, Villawood NSW 2163",45 Fairfield St,Villawood,NSW,2163,-33.869642,150.980674,"DL,E10,P98,PDL,U91",5,323.9,257.9,,,,279.9,326.9,259.9,false
matched,0.0,high,Caltex Chester Hill,"41 Boundary Road, Chester Hill NSW 2162",41 Boundary Road,Chester Hill NSW 2162,,-33.873839,151.007145,false,1863,Caltex Chester Hill,Caltex,Ampol,"41 Boundary Road, Chester Hill NSW 2162",41 Boundary Road,Chester Hill,NSW,2162,-33.873839,151.007145,"E10,P95,P98,PDL,U91",5,,239.8,,,265.9,275.9,314.8,241.8,false
matched,0.0,high,Metro St Ives Chase,"164 Warrimoo Avenue, St Ives Chase NSW 2075",164 Warrimoo Avenue,St Ives Chase NSW 2075,,-33.710941,151.159927,false,1962,Metro St Ives Chase,Metro Fuel,Metro,"164 Warrimoo Avenue, St Ives Chase NSW 2075",164 Warrimoo Avenue,St Ives Chase,NSW,2075,-33.710941,151.159927,"P98,PDL,U91",3,,,,,,283.9,325.9,259.9,false
matched,0.0,high,Independent Turramurra,"105 Eastern Rd, Turramurra NSW 2074",105 Eastern Rd,Turramurra NSW 2074,,-33.720245,151.131246,false,2001,Independent Turramurra,Independent,Independent,"105 Eastern Rd, Turramurra NSW 2074",105 Eastern Rd,Turramurra,NSW,2074,-33.720245,151.131246,"DL,P98,U91",3,321.6,,,,,281.5,,257.7,false
matched,0.0,high,Speedway Woodpark,"32-36 Woodpark Rd, Woodpark NSW 2164",32-36 Woodpark Rd,Woodpark NSW 2164,,-33.841048,150.963335,false,2024,Speedway Woodpark,Speedway,Speedway,"32-36 Woodpark Rd, Woodpark NSW 2164",32-36 Woodpark Rd,Woodpark,NSW,2164,-33.841048,150.963335,"DL,E10,P98,U91",4,323.9,251.9,,,,282.9,,254.9,false
matched,0.0,high,Speedway Wenty,"55-57 Station St, Wentworthville NSW 2145",55-57 Station St,Wentworthville NSW 2145,,-33.809174,150.971350,false,20021,Speedway Wenty,Speedway,Speedway,"55-57 Station St, Wentworthville NSW 2145",55-57 Station St,Wentworthville,NSW,2145,-33.809174,150.971350,"DL,E10,P98,U91",4,322.5,251.5,,,,275.5,,253.5,false
matched,0.0,high,Enhance Merrylands,"506 Merrylands Rd, Merrylands West NSW 2160",506 Merrylands Rd,Merrylands West NSW 2160,,-33.832687,150.969690,false,20100,Enhance Merrylands,Enhance,Enhance,"506 Merrylands Rd, Merrylands West NSW 2160",506 Merrylands Rd,Merrylands West,NSW,2160,-33.832687,150.969690,"E10,P98,PDL,U91",4,,237.7,,,,265.7,309.9,239.9,false
matched,0.0,high,BP West Pymble,"45 Yanko Rd, West Pymble NSW 2073",45 Yanko Rd,West Pymble NSW 2073,,-33.762079,151.128525,false,20186,BP West Pymble,BP,BP,"45 Yanko Rd, West Pymble NSW 2073",45 Yanko Rd,West Pymble,NSW,2073,-33.762079,151.128525,"E10,P98,PDL",3,,257.9,,,,283.9,323.9,,false
matched,0.0,high,BP Woodpark Road,"186 Woodpark Rd, Smithfield NSW 2164",186 Woodpark Rd,Smithfield NSW 2164,,-33.838954,150.950501,false,20194,BP Woodpark Road,BP,BP,"186 Woodpark Rd, Smithfield NSW 2164",186 Woodpark Rd,Smithfield,NSW,2164,-33.838954,150.950501,"E10,P98,PDL,U91",4,,259.9,,,,289.9,328.9,263.9,false
matched,0.0,high,Otr Greystanes,"661 Merrylands Rd, Greystanes NSW 2145",661 Merrylands Rd,Greystanes NSW 2145,,-33.829367,150.952665,false,20258,Otr Greystanes,Shell,Shell,"661 Merrylands Rd, Greystanes NSW 2145",661 Merrylands Rd,Greystanes,NSW,2145,-33.829367,150.952665,"E10,P95,P98,PDL",4,,257.9,,,277.4,286.9,323.9,,false
matched,0.0,high,Metro Petroleum Westleigh,"128 Duffy Av, Westleigh NSW 2120",128 Duffy Av,Westleigh NSW 2120,,-33.720391,151.068932,false,20519,Metro Petroleum Westleigh,Metro Fuel,Metro,"128 Duffy Av, Westleigh NSW 2120",128 Duffy Av,Westleigh,NSW,2120,-33.720391,151.068932,"P98,PDL,U91",3,,,,,,283.9,323.9,258.9,false
matched,0.0,high,Otr Baulkham Hills,"Shell Petrol Station 363 Windsor Rd, Baulkham Hills NSW 2153",Shell Petrol Station 363 Windsor Rd,Baulkham Hills NSW 2153,,-33.760199,150.991598,false,20546,Otr Baulkham Hills,Shell,Shell,"Shell Petrol Station 363 Windsor Rd, Baulkham Hills NSW 2153",Shell Petrol Station 363 Windsor Rd,Baulkham Hills,NSW,2153,-33.760199,150.991598,"E10,P95,P98,PDL,U91",5,,257.9,,,277.4,286.9,323.9,259.9,false
matched,0.0,high,Costco Auburn (Members Only),"Costco 17-21 Parramatta Rd, Lidcombe NSW 2141",Costco 17-21 Parramatta Rd,Lidcombe NSW 2141,,-33.848086,151.049695,false,20550,Costco Auburn (Members Only),Costco,Costco,"Costco 17-21 Parramatta Rd, Lidcombe NSW 2141",Costco 17-21 Parramatta Rd,Lidcombe,NSW,2141,-33.848086,151.049695,"E10,P98,PDL",3,,246.7,,,,268.7,316.7,,false
matched,0.0,high,Metro Sefton,"101 Hector St, Sefton NSW 2162",101 Hector St,Sefton NSW 2162,,-33.884126,151.007052,false,20606,Metro Sefton,Metro Fuel,Metro,"101 Hector St, Sefton NSW 2162",101 Hector St,Sefton,NSW,2162,-33.884126,151.007052,"DL,P95,U91",3,319.9,,,,265.5,,,251.9,false
matched,0.0,high,Shell North Rocks,"264 North Rocks Rd, North Rocks NSW 2151",264 North Rocks Rd,North Rocks NSW 2151,,-33.775110,151.022676,false,20649,Shell North Rocks,Shell,Shell,"264 North Rocks Rd, North Rocks NSW 2151",264 North Rocks Rd,North Rocks,NSW,2151,-33.775110,151.022676,"DL,E10,P98,PDL,U91",5,321.5,256.5,,,,282.5,321.5,258.5,false
matched,0.0,high,Astron Yagoona West,"100 Rookwood Rd, Yagoona NSW 2199",100 Rookwood Rd,Yagoona NSW 2199,,-33.899293,151.036862,false,20831,Astron Yagoona West,Astron,Astron,"100 Rookwood Rd, Yagoona NSW 2199",100 Rookwood Rd,Yagoona,NSW,2199,-33.899293,151.036862,"DL,E10,E85,LPG,P98,U91",6,322.9,247.7,205.9,114.9,,279.7,,249.7,false
gap_google_only,,,EG Ampol Bass Hill,,,,,-33.901051,150.999087,true,,,,,,,,,,,,,,,,,,,,,,
matched,5.3,high,Speedway Bass Hill,,,,,-33.896156,150.991357,true,1655,Speedway Bass Hill,Speedway,Speedway,"972 Hume Highway, Bass Hill NSW 2197",972 Hume Highway,Bass Hill,NSW,2197,-33.896169,150.991302,"DL,E10,P98,U91",4,319.7,251.7,,,,273.7,,253.7,false
matched,5.7,high,Shell,,,,,-33.899640,150.997549,true,65,Shell Reddy Express Bass Hill,Reddy Express,Shell,"884-888 Hume Hwy (Cnr Strickland St), Bass Hill NSW 2197",884-888 Hume Hwy (Cnr Strickland St),Bass Hill,NSW,2197,-33.899640,150.997487,"E10,P95,P98,U91",4,,257.9,,,277.4,286.9,,259.9,false
matched,1.9,high,Enhance Bass Hill,,,,,-33.897821,150.994838,true,20544,Enhance Bass Hill,Enhance,Enhance,"924 Hume Hwy, Bass Hill NSW 2197",924 Hume Hwy,Bass Hill,NSW,2197,-33.897808,150.994824,"E10,E85,P98,PDL,U91",5,,237.7,235.9,,,265.7,299.9,246.7,false
matched,4.4,high,Metro Petroleum,,,,,-33.888936,151.005432,true,2242,Metro Petroleum Chester Hill,Metro Fuel,Metro,"172 Hector St, Chester Hill NSW 2162",172 Hector St,Chester Hill,NSW,2162,-33.888900,151.005411,"E10,P98,PDL,U91",4,,248.5,,,,279.5,318.5,251.5,false
gap_google_only,,,Shell Urbanista,,,,,-33.904847,151.011534,true,,,,,,,,,,,,,,,,,,,,,,
gap_google_only,,,Metro Petroleum Yagoona,,,,,-33.905901,151.013935,true,,,,,,,,,,,,,,,,,,,,,,
matched,9.6,high,Metro Villawood Truckstop,,,,,-33.887580,150.992185,true,19018,Metro Villawood,Metro Fuel,Metro,"276 Miller Rd, Villawood NSW 2163",276 Miller Rd,Villawood,NSW,2163,-33.887614,150.992089,"E10,P95,P98,PDL,U91",5,,255.8,,,272.8,277.8,322.8,257.8,false
gap_google_only,,,Ampol Foodary Pendle Hill,,,,,-33.808263,150.942050,true,,,,,,,,,,,,,,,,,,,,,,
matched,6.1,high,7-Eleven Pendle Hill,,,,,-33.801815,150.957829,true,128,7-Eleven Pendle Hill,7-Eleven,7-Eleven,"217 Wentworth Avenue (Corner Bungaree Road), Pendle Hill NSW 2145",217 Wentworth Avenue (Corner Bungaree Road),Pendle Hill,NSW,2145,-33.801870,150.957827,"E10,P95,P98,PDL,U91",5,,257.9,,,274.9,283.9,323.9,259.9,false
matched,12.5,high,Metro Petroleum Pendle Hill,,,,,-33.800343,150.955839,true,2085,Metro Pendle Hill,Metro Fuel,Metro,"229 Wentworth Avenue, Pendle Hill NSW 2145",229 Wentworth Avenue,Pendle Hill,NSW,2145,-33.800251,150.955916,"E10,PDL,U91",3,,255.9,,,,,321.9,257.9,false
matched,17.2,high,Fast & Ezy,,,,,-33.801907,150.951346,true,1836,Liberty Girraween,Liberty,Liberty,"38A Gilba Rd, Girraween NSW 2145",38A Gilba Rd,Girraween,NSW,2145,-33.801823,150.951190,"DL,E10,P95,P98,PDL,U91",6,319.9,249.9,,,265.9,275.9,321.9,251.9,false
matched,16.0,high,Metro Fuel Greystanes,,,,,-33.818220,150.951400,true,1005,Metro Fuel Greystanes,Metro Fuel,Metro,"73 Ettalong Rd, Greystanes NSW 2145",73 Ettalong Rd,Greystanes,NSW,2145,-33.818292,150.951550,"E10,P98,PDL,U91",4,,251.3,,,,272.3,319.3,252.3,false
matched,2.4,high,Apw Store Wentworthville,,,,,-33.813349,150.958242,true,1582,Apw,Apw,Apw,"449 Great Western Highway, Wentworthville NSW 2145",449 Great Western Highway,Wentworthville,NSW,2145,-33.813328,150.958250,"P95,P98,PDL,U91",4,,,,,265.3,272.3,317.3,249.3,false
matched,21.1,high,Bravo Fuel Station,,,,,-33.799318,150.952072,true,1912,Bravo Girraween,Independent,Independent,"133-137 Targo, Girraween NSW 2145",133-137 Targo,Girraween,NSW,2145,-33.799420,150.951879,"DL,P98,U91",3,319.5,,,,,275.5,,248.5,false
matched,4.2,high,Apex Petroleum,,,,,-33.883899,150.976072,true,975,Apex Petroleum Villawood,Independent,Independent,"896A Woodville Rd, Villawood NSW 2163",896A Woodville Rd,Villawood,NSW,2163,-33.883891,150.976027,"E10,P95,P98,PDL,U91",5,,244.7,,,256.7,265.7,315.7,246.7,false
matched,8.3,high,Metro Petroleum Lansdowne,,,,,-33.889236,150.970985,true,20847,Metro Lansdowne,Metro Fuel,Metro,"987 Hume Hwy, Lansdowne NSW 2163",987 Hume Hwy,Lansdowne,NSW,2163,-33.889304,150.971023,"DL,E10,P95,P98,PDL,U91",6,314.9,243.9,,,255.9,264.9,315.9,245.9,false
matched,3.1,high,BP Truckstop Fairfield,,,,,-33.877867,150.966152,true,17345,BP Fairfield,BP,BP,"183 The Horsley Drive, Fairfield East NSW 2165",183 The Horsley Drive,Fairfield East,NSW,2165,-33.877840,150.966162,"DL,P95,P98,PDL,U91",5,317.8,,,,269.8,279.8,319.8,254.8,false
matched,59.5,medium,7-Eleven Lansvale,,,,,-33.891628,150.965610,true,249,7-Eleven Lansvale South,7-Eleven,7-Eleven,"44 Hume Highway & Knight Street, Lansvale South NSW 2166",44 Hume Highway & Knight Street,Lansvale South,NSW,2166,-33.891605,150.964966,"E10,P95,P98,PDL,U91",5,,257.9,,,272.9,283.9,323.9,259.9,false
matched,57.8,medium,Ampol Foodary St Ives North,,,,,-33.716881,151.173488,true,17310,Ampol Foodary St Ives North,Ampol Foodary,Ampol,"363 Mona Vale Road, St Ives North NSW 2075",363 Mona Vale Road,St Ives North,NSW,2075,-33.716381,151.173316,"E10,P98,PDL,U91",4,,257.9,,,,284.9,329.4,259.9,false
gap_google_only,,,Metro Petroleum Fairfield,,,,,-33.872579,150.945931,true,,,,,,,,,,,,,,,,,,,,,,
matched,18.6,high,Speedway Fairfield,,,,,-33.871260,150.962967,true,1220,Speedway Fairfield,Speedway,Speedway,"251 The Horsley Drive, Fairfield NSW 2165",251 The Horsley Drive,Fairfield,NSW,2165,-33.871362,150.962808,"DL,E10,LPG,P98,U91",5,322.5,251.5,,200.0,,275.5,,253.5,false
gap_google_only,,,Metro Petroleum Fairfield 82,,,,,-33.873074,150.949885,true,,,,,,,,,,,,,,,,,,,,,,
matched,0.8,high,Speedway Court Rd Fairfield,,,,,-33.870128,150.958128,true,18468,Speedway Court Road,Speedway,Speedway,"32 Court Rd, Fairfield NSW 2165",32 Court Rd,Fairfield,NSW,2165,-33.870122,150.958133,"DL,E10,P98,PDL,U91",5,322.5,251.5,,,,275.5,325.5,253.5,false
gap_google_only,,,EG Ampol Fairfield Heights,,,,,-33.866577,150.937846,true,,,,,,,,,,,,,,,,,,,,,,
gap_google_only,,,7-Eleven Fairfield,,,,,-33.872101,150.937242,true,,,,,,,,,,,,,,,,,,,,,,
gap_google_only,,,Budget Fairfield,,,,,-33.880663,150.948617,true,,,,,,,,,,,,,,,,,,,,,,
gap_google_only,,,Metro Petroleum Wakeley,,,,,-33.873669,150.924193,true,,,,,,,,,,,,,,,,,,,,,,
gap_google_only,,,Speedway Smithfield,,,,,-33.851481,150.942932,true,,,,,,,,,,,,,,,,,,,,,,
gap_google_only,,,Metro Petroleum Canley Heights,,,,,-33.884433,150.928540,true,,,,,,,,,,,,,,,,,,,,,,
matched,12.3,high,Shell Ultimo,,,,,-33.881392,151.196778,true,61,Coles Express Ultimo,Coles Express,Ampol,"387 427 Wattle St, Ultimo NSW 2007",387 427 Wattle St,Ultimo,NSW,2007,-33.881355,151.196904,"DL,E10,P95,P98",4,323.9,257.9,,,275.4,284.9,,,false
matched,5.2,high,Budget Petrol Chippendale,,,,,-33.887819,151.201692,true,16924,Budget Petrol Chippendale,Budget,Budget,"66-70 Regent Street, Chippendale NSW 2008",66-70 Regent Street,Chippendale,NSW,2008,-33.887800,151.201744,"P95,P98,PDL,U91",4,,,,,271.7,280.7,319.7,265.7,false
matched,3.2,high,Ampol Foodary Lansvale,"141-151 Hume Highway, Lansvale NSW 2166",141-151 Hume Highway,Lansvale NSW 2166,,-33.894300,150.957200,false,16915,Ampol Foodary Lansvale,Ampol Foodary,Ampol,"141-151 Hume Highway Cnr Chadderton St, Lansvale NSW 2166",141-151 Hume Highway Cnr Chadderton St,Lansvale,NSW,2166,-33.894328,150.957208,U91,1,,,,,,,,259.9,false
matched,2.6,high,U-Go Baulkham Hills,"117 Seven Hills Rd, Baulkham Hills NSW 2153",117 Seven Hills Rd,Baulkham Hills NSW 2153,,-33.761400,150.975100,false,17147,U-Go Baulkham Hills (Unmanned),U-Go,U-Go,"117 Seven Hills Rd, Baulkham Hills NSW 2153",117 Seven Hills Rd,Baulkham Hills,NSW,2153,-33.761395,150.975073,"P95,U91",2,,,,,262.9,,,248.9,false
matched,4.6,high,Coles Express Lansvale West,"240 Hume Highway, Lansvale NSW 2166",240 Hume Highway,Lansvale NSW 2166,,-33.898000,150.952600,false,17977,Coles Express Lansvale West,Coles Express,Ampol,"240 Hume Highway, Lansvale NSW 2166",240 Hume Highway,Lansvale,NSW,2166,-33.897960,150.952614,"E10,P95,P98,PDL,U91",5,,257.9,,,277.4,286.9,327.9,259.9,false
matched,3.4,high,Gas To Connect Guildford West,"54C Fairfield Road, Guildford West NSW 2161",54C Fairfield Road,Guildford West NSW 2161,,-33.847200,150.962300,false,18141,Gas To Connect,Independent,Independent,"54C Fairfield Road, Guildford West NSW 2161",54C Fairfield Road,Guildford West,NSW,2161,-33.847211,150.962334,"DL,E10,P98,U91",4,323.9,251.9,,,,284.9,,254.9,false
matched,3.8,high,Metro Petroleum Birrong,"158 Auburn Rd, Birrong NSW 2143",158 Auburn Rd,Birrong NSW 2143,,-33.897500,151.021200,false,19784,Metro Petroleum Birrong,Metro Fuel,Metro,"158 Auburn Rd, Birrong NSW 2143",158 Auburn Rd,Birrong,NSW,2143,-33.897470,151.021220,"E10,P95,P98,PDL,U91",5,,249.9,,,269.9,279.9,319.9,251.9,false
matched,0.9,high,Shell Reddy Express Lansvale,"65-99 Hume Highway, Canley Vale NSW 2166",65-99 Hume Highway,Canley Vale NSW 2166,,-33.893000,150.960600,false,12,Shell Reddy Express Lansvale,Reddy Express,Shell,"65-99 Hume Highway, Canley Vale NSW 2166",65-99 Hume Highway,Canley Vale,NSW,2166,-33.893006,150.960593,"DL,E10,P98",3,323.9,257.9,,,,284.9,,,false
matched,1.5,high,EG Ampol Lansvale,"136 Hume Highway, Lansvale NSW 2166",136 Hume Highway,Lansvale NSW 2166,,-33.894700,150.958200,false,625,EG Ampol Lansvale,EG Ampol,Ampol,"136 Hume Highway (Cnr Hollywood Drive), Lansvale NSW 2166",136 Hume Highway (Cnr Hollywood Drive),Lansvale,NSW,2166,-33.894706,150.958185,"E10,P95,P98,PDL,U91",5,,257.9,,,275.9,284.9,325.9,259.9,false
matched,6.0,high,BP Baulkham Hills,"134 Seven Hills Rd, Baulkham Hills NSW 2153",134 Seven Hills Rd,Baulkham Hills NSW 2153,,-33.761700,150.974000,false,1783,BP Baulkham Hills,BP,BP,"134 Seven Hills Rd, Baulkham Hills NSW 2153",134 Seven Hills Rd,Baulkham Hills,NSW,2153,-33.761658,150.974041,"E10,P98,PDL,U91",4,,257.9,,,,284.9,329.9,259.9,false
matched,5.8,high,Metro Toongabbie,"5 Picasso Cr, Old Toongabbie NSW 2146",5 Picasso Cr,Old Toongabbie NSW 2146,,-33.786400,150.967300,false,20848,Metro Toongabbie,Metro Fuel,Metro,"5 Picasso Cr, Old Toongabbie NSW 2146",5 Picasso Cr,Old Toongabbie,NSW,2146,-33.786361,150.967341,"E10,P98,PDL,U91",4,,251.9,,,,272.9,319.9,252.9,false
matched,1.9,high,7-Eleven Baulkham Hills,"224 Windsor Rd, Baulkham Hills NSW 2153",224 Windsor Rd,Baulkham Hills NSW 2153,,-33.755500,150.963500,false,17139,7-Eleven Baulkham Hills,7-Eleven,7-Eleven,"217-219 Seven Hills Rd, Baulkham Hills NSW 2153",217-219 Seven Hills Rd,Baulkham Hills,NSW,2153,-33.755512,150.963514,"E10,LPG,P95,P98,PDL,U91",6,,257.9,,109.9,274.9,283.9,323.9,259.9,false
matched,4.2,high,BP Seven Hills,"Prospect Hwy & Redgum Ave, Seven Hills NSW 2147",Prospect Hwy & Redgum Ave,Seven Hills NSW 2147,,-33.767200,150.950200,false,359,BP Seven Hills,BP,BP,"Abbott Road, Seven Hills NSW 2147",Abbott Road,Seven Hills,NSW,2147,-33.767172,150.950230,"P98,PDL,U91",3,,,,,,286.9,323.9,259.9,false
matched,0.0,high,7-Eleven Paddington,"Cnr Oxford St & Greens Rd, Paddington NSW 2021",Cnr Oxford St & Greens Rd,Paddington NSW 2021,,-33.883242,151.220641,false,17121,7-Eleven Paddington,7-Eleven,7-Eleven,"Cnr Oxford St & Greens Rd, Paddington NSW 2021",Cnr Oxford St & Greens Rd,Paddington,NSW,2021,-33.883242,151.220641,"E10,LPG,P95,P98,PDL,U91",6,,257.9,,109.9,274.9,283.9,323.9,259.9,false
matched,0.0,high,7-Eleven Mosman,"162A Spit Road (Corner Mitchell Road), Mosman NSW 2088",162A Spit Road (Corner Mitchell Road),Mosman NSW 2088,,-33.817498,151.243383,false,141,7-Eleven Mosman,7-Eleven,7-Eleven,"162A Spit Road (Corner Mitchell Road), Mosman NSW 2088",162A Spit Road (Corner Mitchell Road),Mosman,NSW,2088,-33.817498,151.243383,"E10,U91",2,,257.9,,,,,,259.9,false
matched,0.0,high,7-Eleven Mosman,"45 Spit Road, Mosman NSW 2088",45 Spit Road,Mosman NSW 2088,,-33.823058,151.243459,false,154,7-Eleven Mosman,7-Eleven,7-Eleven,"45 Spit Road, Mosman NSW 2088",45 Spit Road,Mosman,NSW,2088,-33.823058,151.243459,"E10,P95,P98,PDL,U91",5,,257.9,,,274.9,283.9,323.9,259.9,false
matched,0.0,high,Shell Reddy Express Cremorne,"227 Military Rd, Cremorne NSW 2090",227 Military Rd,Cremorne NSW 2090,,-33.830574,151.226235,false,291,Shell Reddy Express Cremorne,Reddy Express,Shell,"227 Military Rd, Cremorne NSW 2090",227 Military Rd,Cremorne,NSW,2090,-33.830574,151.226235,"DL,E10,P95,P98",4,323.9,257.9,,,275.4,284.9,,,false
matched,0.0,high,EG Ampol Redfern,"475 Cleveland St, Redfern NSW 2016",475 Cleveland St,Redfern NSW 2016,,-33.892242,151.216086,false,661,EG Ampol Redfern,EG Ampol,Ampol,"475 Cleveland St, Redfern NSW 2016",475 Cleveland St,Redfern,NSW,2016,-33.892242,151.216086,"E10,P95,P98,PDL,U91",5,,257.9,,,275.9,284.9,325.9,259.9,false
matched,0.0,high,Coles Express Neutral Bay,"200-204 Ben Boyd Rd (Cnr Ernest St), Neutral Bay NSW 2089",200-204 Ben Boyd Rd (Cnr Ernest St),Neutral Bay NSW 2089,,-33.829109,151.219571,false,680,Coles Express Neutral Bay,Coles Express,Ampol,"200-204 Ben Boyd Rd (Cnr Ernest St), Neutral Bay NSW 2089",200-204 Ben Boyd Rd (Cnr Ernest St),Neutral Bay,NSW,2089,-33.829109,151.219571,"E10,P95,P98,U91",4,,257.9,,,277.4,286.9,,259.9,false
matched,0.0,high,Metro Fuel Cremorne,"51 Spofforth St, Cremorne NSW 2090",51 Spofforth St,Cremorne NSW 2090,,-33.832753,151.229455,false,1516,Metro Fuel Cremorne,Metro Fuel,Metro,"51 Spofforth St, Cremorne NSW 2090",51 Spofforth St,Cremorne,NSW,2090,-33.832753,151.229455,"E10,P98,PDL,U91",4,,256.9,,,,282.9,323.9,259.9,false
matched,0.0,high,BP Redfern,"411-417 Cleveland St, Redfern NSW 2016",411-417 Cleveland St,Redfern NSW 2016,,-33.891804,151.213294,false,1796,BP Redfern,BP,BP,"411-417 Cleveland St, Redfern NSW 2016",411-417 Cleveland St,Redfern,NSW,2016,-33.891804,151.213294,"E10,LPG,P98,PDL,U91",5,,257.9,,109.9,,285.9,325.9,259.9,false
matched,0.0,high,BP Edgecliff,"203 New South Head Rd, Edgecliff NSW 2027",203 New South Head Rd,Edgecliff NSW 2027,,-33.876974,151.231099,false,1706,BP Edgecliff,BP,BP,"67 New South Head Rd, Edgecliff NSW 2027",67 New South Head Rd,Edgecliff,NSW,2027,-33.876974,151.231099,"E10,P98,PDL,U91",4,,267.9,,,,307.9,344.9,270.9,false
matched,0.0,high,Otr Woolloomooloo,"1 Bourke St, Woolloomooloo NSW 2011",1 Bourke St,Woolloomooloo NSW 2011,,-33.869601,151.221314,false,20832,Otr Woolloomooloo,Shell,Shell,"61 Cowper Wharf Roadway, Woolloomooloo NSW 2011",61 Cowper Wharf Roadway,Woolloomooloo,NSW,2011,-33.869601,151.221314,"E10,P95,P98,PDL,U91",5,,257.9,,,277.4,286.9,323.9,259.9,false
matched,0.0,high,BP Woollahra,"187 Oxford St, Woollahra NSW 2025",187 Oxford St,Woollahra NSW 2025,,-33.889907,151.247435,false,365,BP Woollahra,BP,BP,"39 Vernon Street, Woollahra NSW 2025",39 Vernon Street,Woollahra,NSW,2025,-33.889907,151.247435,"E10,P95,P98,PDL",4,,257.9,,,276.9,285.9,323.9,,false
matched,0.0,high,Shell Reddy Express Bondi Junction,"194 Oxford St, Bondi Junction NSW 2022",194 Oxford St,Bondi Junction NSW 2022,,-33.895583,151.248617,false,435,Shell Reddy Express Bondi Junction,Reddy Express,Shell,"120-138 Birrell Street, Bondi Junction NSW 2022",120-138 Birrell Street,Bondi Junction,NSW,2022,-33.895583,151.248617,"DL,E10,P95,P98,U91",5,323.9,257.9,,,277.4,286.9,,259.9,false
gap_google_only,,,Ampol Foodary Seven Hills,"Prospect Hwy, Seven Hills NSW 2147",Prospect Hwy,Seven Hills NSW 2147,,-33.772600,150.948500,false,,,,,,,,,,,,,,,,,,,,,,
gap_google_only,,,Coles Express Yagoona,"Hume Hwy, Yagoona NSW 2199",Hume Hwy,Yagoona NSW 2199,,-33.905900,151.013900,false,,,,,,,,,,,,,,,,,,,,,,
fuelcheck_only,,,,,,,,,,,2336,Ampol Foodary Dural,Ampol Foodary,Ampol,"917-923 Old Northern Rd, Dural NSW 2158",917-923 Old Northern Rd,Dural,NSW,2158,-33.683130,151.028749,"P98,PDL,U91",3,,,,,,284.9,329.4,259.9,false
fuelcheck_only,,,,,,,,,,,2337,Ampol Foodary Cherrybrook,Ampol Foodary,Ampol,"67 Shepherds Dr, Cherrybrook NSW 2126",67 Shepherds Dr,Cherrybrook,NSW,2126,-33.720696,151.045165,"E10,U91",2,,257.9,,,,,,259.9,false
fuelcheck_only,,,,,,,,,,,2364,Ampol Foodary Kellyville,Ampol Foodary,Ampol,"3-5 Windsor Rd, Kellyville NSW 2155",3-5 Windsor Rd,Kellyville,NSW,2155,-33.714327,150.960633,"E10,P98,PDL,U91",4,,257.9,,,,284.9,329.4,259.9,false
fuelcheck_only,,,,,,,,,,,2439,United Terrey Hills,United,United,"43 Booralie Rd, Terrey Hills NSW 2084",43 Booralie Rd,Terrey Hills,NSW,2084,-33.680181,151.225022,"DL,E10,E85,P95,P98,U91",6,323.9,257.9,249.9,,273.9,283.9,,259.9,false
fuelcheck_only,,,,,,,,,,,17329,Ampol Foodary Seven Hills,Ampol Foodary,Ampol,"38 Abbott Rd, Seven Hills NSW 2147",38 Abbott Rd,Seven Hills,NSW,2147,-33.766928,150.954825,"P95,P98,PDL",3,,,,,275.9,284.9,321.4,,false
fuelcheck_only,,,,,,,,,,,18424,Ampol Foodary Belrose,Ampol Foodary,Ampol,"153 Forest Way, Belrose NSW 2085",153 Forest Way,Belrose,NSW,2085,-33.734678,151.221102,"E10,P95,P98,PDL,U91",5,,257.9,,,275.9,284.9,327.4,259.9,false
fuelcheck_only,,,,,,,,,,,18548,Shell Kenthurst,Shell,Shell,"86 Kenthurst Rd, Kenthurst NSW 2156",86 Kenthurst Rd,Kenthurst,NSW,2156,-33.682351,151.010703,"E10,P98,U91",3,,257.9,,,,285.9,,259.9,false
fuelcheck_only,,,,,,,,,,,18703,Metro Fuel Killarney Heights,Metro Fuel,Metro,"702-704 Warringah Rd, Forestville NSW 2087",702-704 Warringah Rd,Forestville,NSW,2087,-33.761761,151.207051,"E10,P98,PDL,U91",4,,252.5,,,,280.5,322.5,254.5,false
fuelcheck_only,,,,,,,,,,,48,Shell Reddy Express Dural,Reddy Express,Shell,"592-596 Old Northern Rd, Dural NSW 2158",592-596 Old Northern Rd,Dural,NSW,2158,-33.694281,151.031261,"DL,E10,P95,P98,U91",5,323.9,257.9,,,277.4,286.9,,259.9,false
fuelcheck_only,,,,,,,,,,,88,Coles Express Yagoona,Coles Express,Ampol,"112 Rookwood (Cnr Brunker) Rds, Yagoona NSW 2199",112 Rookwood (Cnr Brunker) Rds,Yagoona,NSW,2199,-33.898673,151.037094,"E10,P95,P98",3,,257.9,,,275.4,284.9,,,false
fuelcheck_only,,,,,,,,,,,105,Shell Reddy Express Norwest Business Park,Reddy Express,Shell,"4 Century Circuit, Baulkham Hills NSW 2153",4 Century Circuit,Baulkham Hills,NSW,2153,-33.733555,150.963518,"DL,E10,P95,P98,U91",5,323.9,257.9,,,277.4,286.9,,259.9,false
fuelcheck_only,,,,,,,,,,,117,BP Kellyville,BP,BP,"19-21 Windsor Road, Kellyville NSW 2155",19-21 Windsor Road,Kellyville,NSW,2155,-33.712817,150.959030,"E10,P95,P98,PDL",4,,257.9,,,275.9,284.9,325.9,,false
fuelcheck_only,,,,,,,,,,,184,7-Eleven Castle Hill,7-Eleven,7-Eleven,"255 -257 Old Northern Road, Castle Hill NSW 2154",255 -257 Old Northern Road,Castle Hill,NSW,2154,-33.734803,151.003582,"E10,P95,P98,PDL,U91",5,,257.9,,,274.9,283.9,323.9,259.9,false
fuelcheck_only,,,,,,,,,,,309,7-Eleven Kellyville,7-Eleven,7-Eleven,"54 - 56 Windsor Road, Kellyville NSW 2155",54 - 56 Windsor Road,Kellyville,NSW,2155,-33.712414,150.956801,"E10,P95,P98,PDL,U91",5,,257.9,,,274.9,283.9,323.9,259.9,false
fuelcheck_only,,,,,,,,,,,409,BP Dural,BP,BP,"582 Old Northern Road, Dural NSW 2158",582 Old Northern Road,Dural,NSW,2158,-33.695898,151.028141,"E10,P95,P98,PDL",4,,257.9,,,276.9,285.9,325.9,,false
fuelcheck_only,,,,,,,,,,,410,BP Forestville,BP,BP,"632 Warringah Road, Forestville NSW 2087",632 Warringah Road,Forestville,NSW,2087,-33.760003,151.214383,"E10,P95,P98,PDL",4,,257.9,,,276.9,285.9,325.9,,false
fuelcheck_only,,,,,,,,,,,643,EG Ampol Glenrose,EG Ampol,Ampol,"60 Glenn Street, Belrose NSW 2085",60 Glenn Street,Belrose,NSW,2085,-33.740061,151.209098,"E10,P95,P98,PDL,U91",5,,257.9,,,275.9,284.9,329.9,259.9,false
fuelcheck_only,,,,,,,,,,,666,EG Ampol Dural,EG Ampol,Ampol,"532 Old Northern Road, Dural NSW 2158",532 Old Northern Road,Dural,NSW,2158,-33.693507,151.020331,"E10,P95,P98,PDL,U91",5,,257.9,,,276.9,285.9,329.9,259.9,false
fuelcheck_only,,,,,,,,,,,669,Shell Reddy Express Forestville,Reddy Express,Shell,"665-671 Warringah Rd (Cnr Cook St), Forestville NSW 2087",665-671 Warringah Rd (Cnr Cook St),Forestville,NSW,2087,-33.760680,151.218168,"DL,E10,P95,P98,U91",5,323.9,257.9,,,277.4,286.9,,259.9,false
fuelcheck_only,,,,,,,,,,,1150,BP Allambie Heights,BP,BP,"132 Allambie Road, Allambie Heights NSW 2100",132 Allambie Road,Allambie Heights,NSW,2100,-33.765091,151.249673,"E10,P95,P98,PDL",4,,257.8,,,277.8,286.8,325.8,,false
fuelcheck_only,,,,,,,,,,,1407,Metro Fuel Frenchs Forest,Metro Fuel,Metro,"663 Warringah Road, Forestville NSW 2087",663 Warringah Road,Forestville,NSW,2087,-33.759660,151.219080,"E10,P98,PDL,U91",4,,255.9,,,,281.9,323.9,257.9,false
fuelcheck_only,,,,,,,,,,,20007,Pearl Energy Annangrove,Pearl Energy,Pearl Energy,"169 Annangrove Rd, Annangrove NSW 2156",169 Annangrove Rd,Annangrove,NSW,2156,-33.671068,150.956254,"E10,P98,PDL,U91",4,,257.5,,,,283.5,323.5,259.5,false
fuelcheck_only,,,,,,,,,,,20099,Arko Energy Forestville,Arko Energy,Arko Energy,"656 Warringah Rd, Forestville NSW 2087",656 Warringah Rd,Forestville,NSW,2087,-33.759588,151.212081,"DL,E10,P98,PDL,U91",5,322.5,252.5,,,,280.5,322.5,254.5,false
fuelcheck_only,,,,,,,,,,,20824,Ampol Kenthurst,Ampol,Ampol,"137 Kenthurst Rd, Kenthurst NSW 2156",137 Kenthurst Rd,Kenthurst,NSW,2156,-33.660452,151.005933,"P95,P98,PDL,U91",4,,,,,276.9,285.9,323.9,257.9,false
